name,price,type,color,side_panel
Montech XR,83.59,ATX Mid Tower,Black,Tempered Glass
Phanteks XT PRO,67.98,ATX Mid Tower,Black,Tempered Glass
NZXT H5 Flow (2024),84.99,ATX Mid Tower,Black,Tempered Glass
Corsair 3500X ARGB,115.99,ATX Mid Tower,White,Tempered Glass
Cooler Master MasterBox Q300L,45.98,MicroATX Mini Tower,Black,Acrylic
Corsair 4000D Airflow,94.99,ATX Mid Tower,Black,Tinted Tempered Glass
Lian Li Lancool 207,81.99,ATX Mid Tower,Blue,Tempered Glass
NZXT H9 Flow (2023),119.99,ATX Mid Tower,Black,Tempered Glass
Lian Li O11 VISION COMPACT,124.99,ATX Mid Tower,White,Tempered Glass
Corsair 3500X ARGB,115.99,ATX Mid Tower,Black,Tempered Glass
Montech AIR 100 ARGB,69.9,MicroATX Mid Tower,Black,Tempered Glass
Montech AIR 903 MAX,74.99,ATX Mid Tower,Black,Tempered Glass
Lian Li A3-mATX,72.98,MicroATX Mini Tower,Black,Mesh
Fractal Design North,139.99,ATX Mid Tower,Black,Tempered Glass
HYTE Y70 Touch Infinite,439.95,ATX Mid Tower,White,Tempered Glass
Fractal Design North XL,179.99,ATX Full Tower,Black,Tinted Tempered Glass
Lian Li O11 VISION COMPACT,124.99,ATX Mid Tower,Black,Tempered Glass
NZXT H5 Flow (2024),59.99,ATX Mid Tower,White,Tempered Glass
Lian Li A3-mATX,89.99,MicroATX Mini Tower,Black / Brown,Mesh
Phanteks XT PRO ULTRA,80.98,ATX Mid Tower,Black,Tempered Glass
NZXT H9 Flow (2023),99.99,ATX Mid Tower,White,Tempered Glass
Montech XR,79.89,ATX Mid Tower,White,Tempered Glass
Lian Li O11D EVO RGB,159.99,ATX Mid Tower,Black,Tempered Glass
NZXT H6 Flow,109.97,ATX Mid Tower,Black,Tempered Glass
Montech AIR 903 BASE,64.98,ATX Mid Tower,Black,Tempered Glass
HYTE Y70 Touch Infinite,564.4,ATX Mid Tower,Black,Tempered Glass
NZXT H6 Flow,89.97,ATX Mid Tower,White,Tempered Glass
Corsair FRAME 4000D RS ARGB,104.99,ATX Mid Tower,Black,Tempered Glass
NZXT H3 Flow,69.98,MicroATX Mid Tower,Black,Tinted Tempered Glass
Fractal Design Terra,179.99,Mini ITX Desktop,Black / Brown,Mesh
Antec C5 ARGB,114.99,ATX Mid Tower,Black,Tempered Glass
Fractal Design Pop XL Air,119.97,ATX Full Tower,Black,Tempered Glass
Lian Li LANCOOL 217,127.5,ATX Mid Tower,Black / Brown,Tempered Glass
Lian Li O11 Dynamic EVO XL,254.98,ATX Full Tower,Black,Tempered Glass
Montech KING 95 PRO,148.98,ATX Mid Tower,Black,Tempered Glass
Fractal Design Meshify C,109.99,ATX Mid Tower,Black,Tinted Tempered Glass
Cooler Master MasterBox NR200,67.29,Mini ITX Desktop,Black,
Okinos Aqua 3,64.98,MicroATX Mini Tower,Black,Tempered Glass
Lian Li LANCOOL 216 RGB,102.97,ATX Mid Tower,Black,Tempered Glass
HYTE Y70,219.99,ATX Mid Tower,White,Tempered Glass
Fractal Design Pop Air,79.99,ATX Mid Tower,Black,Tempered Glass
NZXT H7 Flow (2024),129.99,ATX Mid Tower,Black,Tempered Glass
MUSETEX Y6,85.48,ATX Mid Tower,White,Tempered Glass
Corsair 3000D AIRFLOW,94.99,ATX Mid Tower,Black,Tempered Glass
Lian Li O11 Vision,142.99,ATX Mid Tower,Black,Tempered Glass
Fractal Design North,139.99,ATX Mid Tower,Black,Mesh
HYTE Y70,219.99,ATX Mid Tower,Black,Tempered Glass
Lian Li O11D EVO RGB,159.99,ATX Mid Tower,White,Tempered Glass
Montech X3 Mesh,54.99,ATX Mid Tower,Black,Tempered Glass
Cooler Master Elite 301 Lite,64.94,MicroATX Mini Tower,Black,Tempered Glass
Fractal Design Terra,179.99,Mini ITX Desktop,Green / Brown,Mesh
Corsair FRAME 4000D,104.99,ATX Mid Tower,Black,Tempered Glass
NZXT H6 Flow RGB,129.97,ATX Mid Tower,White,Tempered Glass
Asus Prime AP201,89.97,MicroATX Mini Tower,Black,Mesh
Montech XR Wood,79.9,ATX Mid Tower,Black / Brown,Tempered Glass
Montech X5M,56,MicroATX Mini Tower,Black,Tempered Glass
Lian Li A3-mATX,89.99,MicroATX Mini Tower,White / Brown,Tempered Glass
Antec C8,99.99,ATX Full Tower,Black,Tempered Glass
Thermaltake Versa H18,118.5,MicroATX Mini Tower,Black,Acrylic
Silverstone ALTA F2,1062.27,ATX Full Tower,Black,Tempered Glass
NZXT H6 Flow RGB,134.97,ATX Mid Tower,Black,Tempered Glass
Corsair 5000D AIRFLOW,174.99,ATX Mid Tower,Black,Tempered Glass
Fractal Design Ridge PCIe 4.0,129.99,Mini ITX Tower,Black,Mesh
Corsair 3500X,99.99,ATX Mid Tower,Black,Tempered Glass
NZXT H9 Elite,169.97,ATX Mid Tower,White,Tempered Glass
Zalman T3 PLUS,39.5,MicroATX Mid Tower,Black,Tempered Glass
Antec FLUX PRO,164.99,ATX Full Tower,Black / Brown,Tempered Glass
Cooler Master Elite 301,49.99,MicroATX Mid Tower,Black,Tempered Glass
Lian Li O11 Dynamic EVO XL,249.99,ATX Full Tower,White,Tempered Glass
Jonsbo Jonsplus Z20,99,MicroATX Desktop,Black,Tempered Glass
Fractal Design Pop Mini Air,99.99,MicroATX Mid Tower,Black,Tempered Glass
Azza Fighter,59.99,ATX Mid Tower,Black,Tempered Glass
Fractal Design North XL,194.97,ATX Full Tower,Black,Mesh
Corsair 4000D Airflow,103.59,ATX Mid Tower,White,Tinted Tempered Glass
MSI MAG FORGE 321R AIRFLOW,89.99,ATX Mid Tower,Black,Tempered Glass
Jonsbo D32 PRO,71.99,MicroATX Desktop,Black,Tempered Glass
Lian Li A4-H20 X4,154.99,Mini ITX Desktop,Black,Mesh
Lian Li O11 Vision,138.97,ATX Mid Tower,White,Tempered Glass
Fractal Design North,139.99,ATX Mid Tower,White,Tempered Glass
Antec C5 ARGB,104.99,ATX Mid Tower,White,Tempered Glass
Okinos Cypress 3,64.98,MicroATX Mini Tower,Black / Brown,Tempered Glass
Fractal Design Focus G,59.99,ATX Mid Tower,Black,Acrylic
Thermaltake View 170 ARGB,62.99,MicroATX Mini Tower,Black,Tempered Glass
NZXT H5 Flow RGB (2024),119.99,ATX Mid Tower,Black,Tempered Glass
Fractal Design Terra,179.99,Mini ITX Desktop,Silver / Brown,Mesh
NZXT H9 Flow RGB+ (2025),289.99,ATX Mid Tower,Black,Tinted Tempered Glass
Lian Li Lancool 207,89.99,ATX Mid Tower,White,Tempered Glass
NZXT H9 Elite,211.99,ATX Mid Tower,Black,Tempered Glass
Corsair 7000D AIRFLOW,289.99,ATX Full Tower,Black,Tempered Glass
Lian Li ODYSSEY X,1468.05,ATX Full Tower,Black,Tempered Glass
Lian Li LANCOOL 216,111.97,ATX Mid Tower,Black,Tempered Glass
Thermaltake View 270 Plus TG ARGB,78.99,ATX Mid Tower,Black,Tempered Glass
Antec FLUX,104.99,ATX Mid Tower,Black / Brown,Tempered Glass
Lian Li A3-mATX,72.98,MicroATX Mini Tower,White,Mesh
Cooler Master MasterBox NR200P V2,109.99,Mini ITX Desktop,Black,Mesh
Montech KING 95 PRO,139,ATX Mid Tower,White,Tempered Glass
Corsair 9000D RGB AIRFLOW,519.99,ATX Full Tower,Black,Tempered Glass
Thermaltake V100 Perforated,49.99,ATX Mid Tower,Black,
Mars Gaming MC-S2,79.34,ATX Mid Tower,White,Acrylic
Corsair FRAME 4000D RS,94.99,ATX Mid Tower,Black,Tempered Glass
Fractal Design Focus 2,74.99,ATX Mid Tower,Black,
Asus ROG Strix Helios,234.97,ATX Full Tower,Black,Tempered Glass
Fractal Design Pop Air RGB,99.99,ATX Mid Tower,Black,Tempered Glass
Zalman CUBIX,37.99,MicroATX Mini Tower,Black,
NZXT H9 Flow (2025),164.99,ATX Mid Tower,Black,Tinted Tempered Glass
Montech KING 65 PRO,94.99,ATX Mid Tower,Black,Tempered Glass
Fractal Design Define R5,124.99,ATX Mid Tower,Black,
Cooler Master MasterBox Q300L,36.99,MicroATX Mini Tower,White,Acrylic
NZXT H9 Flow RGB+ (2025),289.99,ATX Mid Tower,White,Tempered Glass
Cooler Master Q300L V2,55.98,MicroATX Mini Tower,Black,Tempered Glass
Antec C8 Wood,119.99,ATX Full Tower,Black / Brown,Tempered Glass
Lian Li O11 Dynamic Mini,229,ATX Mid Tower,Black,Tempered Glass
Montech AIR 100 ARGB,69.98,MicroATX Mid Tower,White,Tempered Glass
HYTE Y60,179.99,ATX Mid Tower,Black,Tempered Glass
MUSETEX K2,74.98,ATX Mid Tower,Black,Tempered Glass
Fractal Design Ridge PCIe 4.0,142.97,Mini ITX Tower,White,Mesh
HYTE Y70 Touch Infinite,399.99,ATX Mid Tower,White / Black,Tempered Glass
Zalman S2,49.98,ATX Mid Tower,Black,Acrylic
Fractal Design North XL,179.99,ATX Full Tower,White,Tempered Glass
Zalman T8,42.95,ATX Mid Tower,Black,
Jonsbo C6-ITX,62,Mini ITX Desktop,Black,Mesh
Lian Li A4-H20 A4,154.99,Mini ITX Desktop,Silver / Black,Mesh
GameMax Nova N5,50.99,ATX Mid Tower,Black,Tempered Glass
Lian Li LANCOOL III RGB,179.99,ATX Mid Tower,Black,Tempered Glass
SAMA SV01,79.99,ATX Mid Tower,Black,Tempered Glass
be quiet! Pure Base 500DX,109.9,ATX Mid Tower,Black,Tempered Glass
NZXT H3 Flow,69.98,MicroATX Mid Tower,White,Tempered Glass
NZXT H5 Flow RGB (2024),89.99,ATX Mid Tower,White,Tempered Glass
Fractal Design Torrent,204.99,ATX Mid Tower,Black,Tinted Tempered Glass
Montech AIR 100 LITE,79.98,MicroATX Mid Tower,Black,Tempered Glass
Lian Li A3-mATX,89.99,MicroATX Mini Tower,Black / Brown,Tempered Glass
Thermaltake Versa H16 ARGB,54.99,MicroATX Mini Tower,Black,Tempered Glass
GameMax Vista M,53.9,MicroATX Mini Tower,Black,Tempered Glass
Phanteks Eclipse G370A,56.98,ATX Mid Tower,Black,Tempered Glass
Thermaltake View 170 ARGB,67.99,MicroATX Mini Tower,White,Tempered Glass
Montech AIR 903 BASE,69,ATX Mid Tower,White,Tempered Glass
MSI MAG PANO 100R PZ,159.99,ATX Mid Tower,Black,Tempered Glass
GAMDIAS TALOS E3 MESH,59.99,ATX Mid Tower,Black,Tempered Glass
Antec NX200M,92.97,MicroATX Mid Tower,Black,Tempered Glass
Fractal Design Meshify 2,164.99,ATX Mid Tower,Black,
Fractal Design Node 804,134.99,MicroATX Mid Tower,Black,Acrylic
Phanteks NV5 MKII,120.98,ATX Mid Tower,Black,Tempered Glass
Phanteks EVOLV X2,174.98,ATX Mid Tower,Black,Tempered Glass
NZXT H7 Flow RGB (2024),149.99,ATX Mid Tower,Black,Tempered Glass
Cooler Master MasterBox NR200,89.99,Mini ITX Desktop,White / Black,
HYTE Y40,129.99,ATX Mid Tower,Black,Tempered Glass
Montech X5,75,ATX Mid Tower,Black,Tempered Glass
HAVN HS420,229.99,ATX Mid Tower,Black,Tempered Glass
Thermaltake Versa H18,54.99,MicroATX Mini Tower,Black,Tempered Glass
Corsair iCUE 4000X RGB,144.99,ATX Mid Tower,Black,Tempered Glass
Fractal Design Meshify 3,154.99,ATX Mid Tower,Black,Tinted Tempered Glass
Fractal Design North,154.97,ATX Mid Tower,White,Mesh
Thermaltake Core V1,53.68,Mini ITX Desktop,Black,
HYTE Y60 Snow White,179.99,ATX Mid Tower,White,Tempered Glass
Fractal Design Node 304,109.99,Mini ITX Tower,Black / White,
Cooler Master MasterBox TD500 Mesh V2,107.89,ATX Mid Tower,,Tempered Glass
Lian Li Lancool 207 Digital,104.99,ATX Mid Tower,Black,Tempered Glass
Corsair 6500X,199.99,ATX Mid Tower,Black,Tempered Glass
MSI MAG PANO 100R PZ,159.99,ATX Mid Tower,White,Tempered Glass
Montech X5M,56,MicroATX Mini Tower,White,Tempered Glass
Fractal Design Pop Mini Air,99.99,MicroATX Mid Tower,White,Tempered Glass
DIYPC DIY-S07,43.97,ATX Mid Tower,Black,Acrylic
Thermaltake Versa H17,49.99,MicroATX Mini Tower,Black,
Jonsbo TK-0,129.99,Mini ITX Desktop,Black,Tempered Glass
Thermaltake Versa H21,47.99,ATX Mid Tower,Black,
Corsair 2500X,145.13,MicroATX Mini Tower,Black,Tempered Glass
Thermaltake View 270 Plus TG ARGB,89.99,ATX Mid Tower,White,Tempered Glass
HYTE Y70,219.99,ATX Mid Tower,Pink,Tempered Glass
Antec AX20,98.32,ATX Mid Tower,Black,Tempered Glass
Montech AIR 903 MAX,89.99,ATX Mid Tower,White,Tempered Glass
Fractal Design Define 7,194.99,ATX Mid Tower,Black,
MSI MAG FORGE 100R,157.02,ATX Mid Tower,Black,Tempered Glass
NZXT H7 Flow (2024),109.99,ATX Mid Tower,White,Tempered Glass
Fractal Design Meshify 2 XL,219.99,ATX Full Tower,Black,Tinted Tempered Glass
Corsair 3500X,89.99,ATX Mid Tower,White,Tempered Glass
Corsair FRAME 4000D RS ARGB,124.99,ATX Mid Tower,White,Tempered Glass
MSI MAG FORGE 112R,89.99,ATX Mid Tower,Black,Tempered Glass
Lian Li O11 Vision Chrome,164,ATX Mid Tower,Black,Tinted Tempered Glass
HAVN HS420 VGPU,299.99,ATX Mid Tower,Black,Tempered Glass
Corsair iCUE 4000X RGB,86.99,ATX Mid Tower,White,Tempered Glass
Asus Prime AP201,79.98,MicroATX Mini Tower,White,Mesh
Lian Li ODYSSEY X,1486.88,ATX Full Tower,Silver / Black,Tempered Glass
Lian Li Vector V100R,94,ATX Mid Tower,White,Tempered Glass
Thermaltake The Tower 300,99.99,MicroATX Mini Tower,Black,Tempered Glass
Asus TUF Gaming GT502,179.97,ATX Mid Tower,Black,Tempered Glass
Thermaltake The Tower 600,169.99,ATX Mid Tower,Black,Tempered Glass
Corsair iCUE LINK 3500X RGB,159.99,ATX Mid Tower,Black,Tempered Glass
Corsair 3000D RGB AIRFLOW,124.99,ATX Mid Tower,Black,Tempered Glass
Cooler Master N400,64.99,ATX Mid Tower,Black,
Asus Prime AP201,83.99,MicroATX Mini Tower,Black,Tempered Glass
Lian Li LANCOOL 216 RGB,105.97,ATX Mid Tower,White,Tempered Glass
NZXT H9 Flow (2025),159.99,ATX Mid Tower,White,Tempered Glass
Fractal Design Define 7 XL,224.99,ATX Full Tower,Black,
be quiet! Pure Base 501 Airflow,106.99,ATX Mid Tower,Black,
Cooler Master N200,59.99,MicroATX Mini Tower,Black,
Fractal Design Pop Air,84.99,ATX Mid Tower,Black,
BGears b-Vortex-RGB,48.99,ATX Mid Tower,Black,Tempered Glass
Lian Li LANCOOL 205M MESH,89.99,MicroATX Mini Tower,Black,Tempered Glass
Jonsbo N4,119.99,MicroATX Desktop,Black / Brown,Mesh
be quiet! Light Base 600 LX,179.9,ATX Mid Tower,Black,Tempered Glass
BGears b-Pellucid,54.99,MicroATX Mini Tower,Black,Tinted Tempered Glass
Vetroo AL900,84.99,ATX Mid Tower,Pink,Tempered Glass
Phanteks XT PRO ULTRA,81.98,ATX Mid Tower,White,Tempered Glass
Thermaltake View 380 ARGB,103.99,ATX Mid Tower,Black,Tinted Tempered Glass
Fractal Design Pop XL Silent,109.99,ATX Full Tower,Black,
HYTE Y70 Touch Infinite,419.99,ATX Mid Tower,Red / Black,Tempered Glass
Corsair iCUE 7000X RGB,359.99,ATX Full Tower,Black,Tempered Glass
SAMA SV01,79.99,ATX Mid Tower,White,Tempered Glass
PC Cooler I100 PRO MESH,101.69,Mini ITX Desktop,Gray,Mesh
Montech X3 Mesh,69.98,ATX Mid Tower,White,Tempered Glass
Cooler Master MasterBox NR200P V2,104.99,Mini ITX Desktop,White,Mesh
Lian Li LANCOOL 217,124.99,ATX Mid Tower,White / Brown,Tempered Glass
Antec C3 ARGB,97.19,ATX Mid Tower,Black,Tempered Glass
Thermaltake Versa H16 ARGB,49.99,MicroATX Mini Tower,White,Tempered Glass
NZXT H5 Flow RGB (2023),59.99,ATX Mid Tower,Black,Tempered Glass
Fractal Design Focus 2,77.98,ATX Mid Tower,Black,Tempered Glass
Asus A31,74.98,ATX Mid Tower,Black,Tempered Glass
Corsair iCUE 5000D RGB AIRFLOW,204.99,ATX Mid Tower,Black,Tempered Glass
Antec C8 Curve Wood,152.99,ATX Mid Tower,Black / Brown,Tempered Glass
Jonsbo C6 MAX,79.99,MicroATX Desktop,Black,Tempered Glass
Zalman S3,49.99,ATX Mid Tower,Black,Acrylic
Phanteks XT View,99.98,ATX Mid Tower,Black,Tempered Glass
Cooler Master QUBE 500 Flatpack,79.98,ATX Mid Tower,Black,Tempered Glass
Thermaltake TR100,149.99,Mini ITX Desktop,Black,Mesh
Montech SKY TWO,99.99,ATX Mid Tower,Black,Tempered Glass
BitFenix Nova Mesh SE,69.9,ATX Mid Tower,Black,Tempered Glass
Corsair iCUE LINK 3500X RGB,159.99,ATX Mid Tower,White,Tempered Glass
MSI MPG GUNGNIR 110R,109.97,ATX Mid Tower,Black,Tempered Glass
DIYPC DIY-CUBE01,58.98,MicroATX Mini Tower,White,Tempered Glass
Phanteks Enthoo Pro Tempered Glass,143.98,ATX Full Tower,Black,Tinted Tempered Glass
MSI MAG PANO M100R PZ,129.99,MicroATX Mid Tower,White,Tempered Glass
Jonsbo D31 MESH,87.99,MicroATX Mini Tower,Black,Tempered Glass
Montech XR Wood,67.9,ATX Mid Tower,White / Brown,Tempered Glass
Asus ProArt PA602,275.99,ATX Mid Tower,Black,Tempered Glass
GAMDIAS ATHENA M3,74.98,ATX Mid Tower,Black,Tempered Glass
Asus A21,57.99,MicroATX Mini Tower,Black,Tempered Glass
Fractal Design North XL,194.99,ATX Full Tower,White,Mesh
Corsair 6500X,199.99,ATX Mid Tower,White,Tempered Glass
Jonsbo N5,254.99,ATX Full Tower,Black / Brown,Mesh
Phanteks EVOLV X2,219.98,ATX Mid Tower,White,Tempered Glass
Corsair 2500X,144.38,MicroATX Mini Tower,White,Tempered Glass
Aerocool Prism V2 RGB,59.99,ATX Mid Tower,Black,Tempered Glass
SSUPD Meshroom D,99.99,Mini ITX Desktop,Black,Mesh
Okinos Aqua 3,67.98,MicroATX Mini Tower,White,Tempered Glass
SAMA ARGB-Q5,63.99,MicroATX Mini Tower,White,Tempered Glass
Antec NX410,54.99,ATX Mid Tower,White,Tempered Glass
Antec C8,119.99,ATX Full Tower,White / Silver,Tempered Glass
Fractal Design Pop Mini Silent,84.99,MicroATX Mid Tower,Black,
Lian Li Q58 (PCIe 4.0),94.99,Mini ITX Desktop,White,Tempered Glass
HYTE Y70,219.99,ATX Mid Tower,White / Black,Tempered Glass
Corsair iCUE 4000D RGB AIRFLOW,89.99,ATX Mid Tower,White,Tempered Glass
MSI MAG PANO M100R PZ,127.76,MicroATX Mid Tower,Black,Tempered Glass
Fractal Design Era 2,212.98,Mini ITX Tower,Black / Brown,Mesh
ZZEW A1 Plus,109.99,Mini ITX Tower,Silver,Mesh
Fractal Design Meshify 3 Ambience Pro RGB,239.99,ATX Mid Tower,Black,Tinted Tempered Glass
Jonsbo C6,60,MicroATX Mini Tower,Black,Mesh
Jonsbo N3,154.99,Mini ITX Desktop,Black,
be quiet! Light Base 900 FX,249.9,ATX Full Tower,Black,Tempered Glass
Thermaltake View 380 XL TG ARGB,99.99,ATX Mid Tower,Black,Tempered Glass
Cooler Master HAF 700 EVO,449.99,ATX Full Tower,Gray / Black,Tempered Glass
darkFlash DB330M,59.49,MicroATX Mini Tower,Black,Tempered Glass
Corsair 2000D AIRFLOW,139.99,Mini ITX Tower,Black,Mesh
Corsair 2500D Airflow,101.93,MicroATX Mini Tower,Black,Tempered Glass
Corsair 2000D AIRFLOW,119.99,Mini ITX Tower,White,Mesh
be quiet! Silent Base 802,189.9,ATX Mid Tower,Black,
Fractal Design Mood,162.97,Mini ITX Tower,Black,Mesh
HYTE Y40,129.99,ATX Mid Tower,White,Tempered Glass
Antec C8,199.8,ATX Full Tower,White,Tempered Glass
Fractal Design Meshify 3,154.99,ATX Mid Tower,Black,
DARKROCK Classico Storage Master,89.99,ATX Mid Tower,Black,Mesh
Corsair iCUE 220T RGB Airflow,84.98,ATX Mid Tower,Black,Tempered Glass
HYTE Y40,129.99,ATX Mid Tower,White / Black,Tempered Glass
Zalman P30,79.99,MicroATX Mini Tower,White,Tempered Glass
Corsair 9000D RGB AIRFLOW,519.99,ATX Full Tower,White,Tempered Glass
Jonsbo N10,61.99,Mini ITX Tower,Black,Mesh
ENDORFY Ventum 200 Air,64,ATX Mid Tower,Black,Tempered Glass
HAVN HS420 VGPU,299.99,ATX Mid Tower,White,Tempered Glass
Jonsbo N2,136.99,Mini ITX Desktop,Black,
Antec AX61 ELITE,79.03,ATX Mid Tower,Black,Tempered Glass
Thermaltake TR100,149.99,Mini ITX Desktop,Green / Black,Mesh
Fractal Design Core 1000 USB 3.0,49.99,MicroATX Mid Tower,Black,
HYTE Y60,179.99,ATX Mid Tower,White / Black,Tempered Glass
MSI MAG FORGE M100A,108.62,MicroATX Mid Tower,Black,Tempered Glass
HYTE Y70,219.99,ATX Mid Tower,Purple,Tempered Glass
DIYPC ARGB-N1,71.99,MicroATX Mid Tower,White,Tempered Glass
Phanteks XT M3,67.98,MicroATX Mid Tower,White,Tempered Glass
Fractal Design Focus 2 RGB,89.99,ATX Mid Tower,Black,Tempered Glass
SAMA 3509,64.99,ATX Mid Tower,Black,Tempered Glass
Asus Prime AP201,84.99,MicroATX Mini Tower,White,Tempered Glass
be quiet! Light Base 900 DX,204.9,ATX Full Tower,Black,Tempered Glass
DIYPC ARGB Q10,72.99,ATX Mid Tower,Black,Tempered Glass
Asus TUF Gaming GT501,164.99,ATX Mid Tower,Black / Gray,Tempered Glass
Asus TUF Gaming GT302 ARGB,166.03,ATX Mid Tower,Black,Tempered Glass
NZXT H5 Elite,195,ATX Mid Tower,Black,Tempered Glass
Fractal Design Pop XL Air,119.99,ATX Full Tower,White,Tempered Glass
Silverstone ALTA D1,838.88,ATX Full Tower,Black,Mesh
Corsair 6500D Airflow,199.99,ATX Mid Tower,Black,Tempered Glass
Fractal Design Meshify 3 XL Ambience Pro RGB,274.99,ATX Full Tower,Black,Tinted Tempered Glass
Fractal Design Core 1100,49.99,MicroATX Mini Tower,Black,
Fractal Design Pop Air,99.99,ATX Mid Tower,White,Tempered Glass
Cooler Master Elite 301 Lite,55.99,MicroATX Mini Tower,White,Tempered Glass
Corsair iCUE 4000D RGB AIRFLOW,149.99,ATX Mid Tower,Black,Tempered Glass
NZXT H7 Flow RGB (2024),149.99,ATX Mid Tower,White,Tempered Glass
Corsair iCUE LINK 6500X RGB,269.99,ATX Mid Tower,Black,Tempered Glass
Fractal Design Torrent,204.99,ATX Mid Tower,Black,
MSI MPG GUNGNIR 300R AIRFLOW,129.99,ATX Mid Tower,Black,Tempered Glass
Fractal Design Torrent RGB,236.99,ATX Mid Tower,Black,Tinted Tempered Glass
Corsair iCUE 5000X RGB,204.99,ATX Mid Tower,Black,Tempered Glass
Asus ProArt PA602 Wood Edition,279.99,ATX Mid Tower,Black / Brown,Tempered Glass
Fractal Design Define 7 Compact,124.99,ATX Mid Tower,Black,
Zalman S4,49.98,ATX Mid Tower,Black,Tinted Acrylic
Fractal Design Meshify 3 XL,184.99,ATX Full Tower,Black,
Lian Li Lancool II Mesh,295,ATX Mid Tower,Black,Tempered Glass
Cooler Master NCORE 100 AIR,139.99,Mini ITX Tower,Black,Mesh
Fractal Design Meshify 2 Compact TG Light Tint,147.98,ATX Mid Tower,Black,Tempered Glass
Fractal Design Mood,164.99,Mini ITX Tower,Gray,Mesh
Raidmax INFINITA i802 AIR,59.99,ATX Mid Tower,Black,Tempered Glass
be quiet! Pure Base 600,99.9,ATX Mid Tower,Black,
GAMDIAS ATLAS M1,84.99,ATX Mid Tower,Black,Tempered Glass
Lian Li O11D EVO RGB Automobili Lamborghini,299.99,ATX Mid Tower,Black / Gold,Tempered Glass
ENDORFY Ventum 200 ARGB,72,ATX Mid Tower,Black,Tempered Glass
Corsair 2500X Walnut,159.99,MicroATX Mini Tower,Black / Brown,Tempered Glass
GameMax F46,66.99,ATX Mid Tower,Black,Tempered Glass
MUSETEX NN8,79.98,ATX Mid Tower,Black,Tempered Glass
Zalman CUBIX,37.99,MicroATX Mini Tower,White,
be quiet! Pure Base 500 FX,124.93,ATX Mid Tower,Black,Tempered Glass
Corsair FRAME 4000D,104.99,ATX Mid Tower,White,Tempered Glass
Jonsbo Jonsplus Z20,104.98,MicroATX Desktop,White,Tempered Glass
Jonsbo Jonsplus Z20,104,MicroATX Desktop,Orange / Black,Tempered Glass
Jonsbo D32 PRO,80.99,MicroATX Desktop,White,Tempered Glass
Thermaltake AX700,399.99,ATX Full Tower,Black,Mesh
Vetroo AL800,59.99,ATX Mid Tower,Pink,Tempered Glass
Thermaltake View 380 ARGB,114.99,ATX Mid Tower,White,Tinted Tempered Glass
iBuypower Trace 7 Mesh Pro ARGB,114.99,ATX Mid Tower,Black,Tempered Glass
BitFenix TRITON,69.9,ATX Mid Tower,Black,Tempered Glass
Fractal Design Pop Silent,84.99,ATX Mid Tower,Black,
Asus TUF Gaming GT301,92.99,ATX Mid Tower,Black,Tempered Glass
HYTE REVOLT 3,129.99,Mini ITX Tower,Black,Mesh
Cooler Master MasterBox TD500 Mesh V2,109.99,ATX Mid Tower,White,Tempered Glass
Fractal Design Meshify C,99.99,ATX Mid Tower,Black,
Zalman i4,59.99,ATX Mid Tower,Black,Mesh
HAVN HS420,229.99,ATX Mid Tower,White,Tempered Glass
Thermaltake The Tower 300,112.99,MicroATX Mini Tower,White,Tempered Glass
Montech X5,75,ATX Mid Tower,White,Tempered Glass
Jonsbo C6 Handle,64,MicroATX Mini Tower,Black,Mesh
Montech Heritage PRO,109.9,MicroATX Mid Tower,Black,Tempered Glass
Phanteks NV5 MKII,135.98,ATX Mid Tower,White,Tempered Glass
Thermaltake View 270 Plus TG ARGB,86.99,ATX Mid Tower,Green,Tempered Glass
Montech SKY TWO GX,117.1,ATX Mid Tower,Black,Tempered Glass
Thermaltake The Tower 250,149.95,Mini ITX Tower,Black,Tempered Glass
NZXT H9 Flow RGB (2025),209.99,ATX Mid Tower,Black,Tinted Tempered Glass
Corsair 5000D AIRFLOW,174.99,ATX Mid Tower,White / Gray,Tempered Glass
Thermaltake The Tower 600,189.99,ATX Mid Tower,White,Tempered Glass
NZXT H5 Elite,69.99,ATX Mid Tower,White,Tempered Glass
be quiet! Light Base 600 DX,140.62,ATX Mid Tower,Black,Tempered Glass
Corsair 3000D AIRFLOW,99.99,ATX Mid Tower,White,Tempered Glass
Jonsbo Jonsplus Z20,104,MicroATX Desktop,Pink / White,Tempered Glass
Cooler Master MasterBox 600,294.6,ATX Mid Tower,Black,Tempered Glass
Phanteks XT View,98.99,ATX Mid Tower,White,Tempered Glass
Fractal Design Meshify 2,159.99,ATX Mid Tower,Black,Tinted Tempered Glass
Lian Li LANCOOL 205M MESH,89.99,MicroATX Mini Tower,White,Tempered Glass
Antec Performance 1 FT,122.99,ATX Full Tower,Black,Tempered Glass
darkFlash DB330M,69.98,MicroATX Mini Tower,White,Tempered Glass
Rosewill Helium NAS,79.98,ATX Mid Tower,Black,Mesh
Asus ProArt PA401 Wood Edition,139.99,ATX Mid Tower,Black,Tempered Glass
Zalman T6,52.08,ATX Mid Tower,Black,
MSI MEG MAESTRO 700L PZ,409.99,ATX Mid Tower,Black,Tempered Glass
Cougar MX330-X,55.99,ATX Mid Tower,Black,
DIYPC ARGB-G5,56.9,ATX Mid Tower,White,Tempered Glass
Rosewill FBM-X3,89.99,MicroATX Mid Tower,Black,Tempered Glass
Cooler Master HAF 500,99.99,ATX Mid Tower,Black,Tempered Glass
Corsair 2000D RGB AIRFLOW,199.99,Mini ITX Tower,Black,Mesh
be quiet! Pure Base 500,79.9,ATX Mid Tower,Black,
Vetroo AL700,68.98,ATX Mid Tower,White,Tempered Glass
Corsair 2500D Airflow,103.67,MicroATX Mini Tower,White,Tempered Glass
Fractal Design Meshify 3 XL,184.99,ATX Full Tower,Black,Tinted Tempered Glass
Antec CX600M ARGB,80.73,MicroATX Mini Tower,Black,Tempered Glass
Asus TUF Gaming GT502 Horizon,194.99,ATX Mid Tower,Black,Tempered Glass
DIYPC ARGB-G5,57.94,ATX Mid Tower,Black,Tempered Glass
NZXT H7 Flow (2022),129.99,ATX Mid Tower,Black,Tempered Glass
MSI MPG VELOX 100R,139.99,ATX Mid Tower,Black,Tempered Glass
Thermaltake View 270 Plus TG ARGB,88.99,ATX Mid Tower,Blue,Tempered Glass
Lian Li O11 Air Mini,209.95,ATX Mid Tower,White,Tempered Glass
be quiet! Silent Base 802,205.31,ATX Mid Tower,Black,Tempered Glass
ENDORFY Arx 700 ARGB,124.5,ATX Mid Tower,Black,Tempered Glass
Fractal Design Define 7 XL Dark,254.99,ATX Full Tower,Black,Tinted Tempered Glass
NZXT H5 Flow RGB (2023),119.99,ATX Mid Tower,White,Tempered Glass
Corsair FRAME 4000D RS,94.99,ATX Mid Tower,White,Tempered Glass
be quiet! Pure Base 501 Airflow,109.9,ATX Mid Tower,Black,Tempered Glass
Phanteks Enthoo Pro Closed Panel,155.16,ATX Full Tower,Black,
Antec C8 ARGB,136.99,ATX Full Tower,Black,Tempered Glass
Thermaltake Core V1,59.99,Mini ITX Desktop,White,Acrylic
HYTE Y70,219.99,ATX Mid Tower,Black / Red,Tempered Glass
BitFenix CETO300,79,ATX Mid Tower,Black,Tempered Glass
Lian Li LANCOOL 205 Mesh C,117.99,ATX Mid Tower,Pink,Tempered Glass
Silverstone SG13,74.61,Mini ITX Tower,Black,
NZXT H7 Flow (2022),129.99,ATX Mid Tower,White / Black,Tempered Glass
Lian Li LANCOOL 205 Mesh C,119.99,ATX Mid Tower,Black,Tempered Glass
Thermaltake TR100,137.99,Mini ITX Desktop,White,Mesh
Zalman S3,52.99,ATX Mid Tower,Black,Tempered Glass
Fractal Design Focus G Mini,76.51,MicroATX Mini Tower,Black,Acrylic
Okinos Cypress 3,64.98,MicroATX Mini Tower,Black,Tempered Glass
Corsair 3000D RGB AIRFLOW,129.99,ATX Mid Tower,White,Tempered Glass
NZXT H9 Flow RGB (2025),209.99,ATX Mid Tower,White,Tempered Glass
be quiet! Shadow Base 800 FX,219.9,ATX Mid Tower,Black,Tempered Glass
Phanteks NV7,215.98,ATX Full Tower,Black,Tempered Glass
Asus A31,74.98,ATX Mid Tower,White,Tempered Glass
Cooler Master QUBE 500 Flatpack,80.99,ATX Mid Tower,White,Tempered Glass
Thermaltake S100,74.98,MicroATX Mini Tower,Black,Tempered Glass
Fractal Design Define 7 Mini,119.99,MicroATX Mini Tower,Black,
Silverstone GD09 Type-C,119.46,HTPC,Black,Mesh
be quiet! Light Base 600 LX,172.05,ATX Mid Tower,White,Tempered Glass
Corsair iCUE LINK 6500X RGB,269.99,ATX Mid Tower,White,Tempered Glass
Antec FLUX SE,104.99,ATX Mid Tower,Black / Brown,Tempered Glass
Silverstone FARA H1M,85.34,MicroATX Mini Tower,Black,Tempered Glass
BitFenix CETO300,79,ATX Mid Tower,White,Tempered Glass
GAMDIAS TALOS E3 MESH,59.99,ATX Mid Tower,White,Tempered Glass
Fractal Design Focus 2 RGB,89.99,ATX Mid Tower,White / Black,Tempered Glass
Jonsbo D32 PRO MESH,74.99,MicroATX Desktop,,Mesh
Cooler Master MasterBox NR400 (w/ODD),77.98,MicroATX Mid Tower,Black,Tempered Glass
Jonsbo TK-3,124.88,ATX Mid Tower,Black,Tempered Glass
Asus TUF Gaming GT502,173.73,ATX Mid Tower,White,Tempered Glass
Lian Li LANCOOL III RGB,300.47,ATX Mid Tower,White,Tempered Glass
Corsair iCUE 7000X RGB,359.99,ATX Full Tower,White,Tempered Glass
GameMax Defender MB,58.99,MicroATX Mini Tower,Black,Tempered Glass
Asus GX601,239.99,ATX Full Tower,White / Black,Tempered Glass
Cooler Master MasterBox MB520 ARGB,268.13,ATX Mid Tower,Black,Tempered Glass
Fractal Design Era 2,218.14,Mini ITX Tower,Blue / Brown,Mesh
Lian Li SUP01,79.99,ATX Mid Tower,Black,Tempered Glass
NZXT H7 Elite (2023),109.99,ATX Mid Tower,White,Tempered Glass
Fractal Design Epoch,109.99,ATX Mid Tower,Black,
Corsair iCUE 5000D RGB AIRFLOW,219.99,ATX Mid Tower,White,Tempered Glass
Antec FLUX PRO,173.99,ATX Full Tower,White / Brown,Tempered Glass
SAMA NEVIEW 4503,114.99,ATX Mid Tower,Black,Tempered Glass
Corsair iCUE 5000T LX RGB,344.99,ATX Mid Tower,Black,Tempered Glass
Thermaltake Core W200,549.99,ATX Full Tower,Black,Acrylic
Fractal Design Era 2,219.99,Mini ITX Tower,Silver / Brown,Mesh
NZXT H7 Flow (2022),139.98,ATX Mid Tower,White,Tempered Glass
Jonsbo C6-ITX,62,Mini ITX Desktop,White,Mesh
Fractal Design Torrent Compact RGB,184.99,ATX Mid Tower,Black,Tinted Tempered Glass
ENDORFY Arx 700 Air,114,ATX Mid Tower,Black,Tempered Glass
Antec C3 ARGB,92.99,ATX Mid Tower,White,Tempered Glass
HYTE Y70,219.99,ATX Mid Tower,Blue,Tempered Glass
Fractal Design Meshify 2 Mini,289.73,MicroATX Mid Tower,Black,Tinted Tempered Glass
APNX V1,149.99,ATX Mid Tower,Black / Brown,Tempered Glass
Cooler Master TD300 Mesh,80.99,MicroATX Mini Tower,Black,Tempered Glass
Cooler Master Elite 302,64.98,MicroATX Mini Tower,Black,Tempered Glass
Antec FLUX,99.99,ATX Mid Tower,White / Brown,Tempered Glass
Montech SKY TWO,109.31,ATX Mid Tower,White,Tempered Glass
Zalman P10,69.96,MicroATX Mini Tower,White,Tempered Glass
Aerocool Trinity Mini V2,89.66,MicroATX Mini Tower,Black,Tempered Glass
Thermaltake S100 Snow Edition,74.98,MicroATX Mini Tower,White / Black,Tempered Glass
Silverstone FARA H1M PRO,89.99,MicroATX Mini Tower,Black,Tempered Glass
Apevia PRISM,79.98,MicroATX Mid Tower,Black,Tempered Glass
HP OMEN 45L,349.99,ATX Mid Tower,Black,Tempered Glass
Jonsbo NV10,85,Mini ITX Desktop,Silver / Brown,Mesh
Phanteks NV9,272.99,ATX Full Tower,White,Tempered Glass
Jonsbo TK-3,131,ATX Mid Tower,White,Tempered Glass
Thermaltake View 270 Plus TG ARGB,89.99,ATX Mid Tower,Pink / Blue,Tempered Glass
Lian Li Lancool II Mesh C RGB,239.95,ATX Mid Tower,White,Tempered Glass
Fractal Design Pop Air,99.99,ATX Mid Tower,Pink / Black,Tempered Glass
Antec VSK4000E U3,98.69,ATX Mid Tower,Black,
Jonsbo D31 MESH,87.99,MicroATX Mini Tower,White,Tempered Glass
Montech HS02 Pro,119.9,ATX Mid Tower,Black,Tempered Glass
SAMA V40,79.99,ATX Mid Tower,Black,Tempered Glass
Fractal Design Pop Air,99.99,ATX Mid Tower,Orange / Black,Tempered Glass
Jonsbo C6 MAX,88.9,MicroATX Desktop,White,Tempered Glass
Phanteks ECLIPSE G500A DRGB,141.99,ATX Mid Tower,White,Tempered Glass
Thermaltake View 380 XL TG ARGB,89.99,ATX Mid Tower,White,Tempered Glass
Fractal Design North XL RC,179.99,ATX Full Tower,Black,Tinted Tempered Glass
darkFlash DY470,87.51,ATX Mid Tower,White,Tempered Glass
Thermaltake TR100,149.99,Mini ITX Desktop,Blue / White,Mesh
Gigabyte C301 GLASS,99.99,ATX Mid Tower,Black,Tempered Glass
Cooler Master Cosmos C700M,557.99,ATX Full Tower,Silver / Black,Tempered Glass
Thermaltake View 380 ARGB,99.99,ATX Mid Tower,Green,Tinted Tempered Glass
Corsair 6500X,199.99,ATX Mid Tower,White / Brown,Tempered Glass
In Win CE685.FH300TB3,115.4,MicroATX Slim,Black,
be quiet! Pure Base 500DX,181.99,ATX Mid Tower,White,Tempered Glass
Montech Heritage,89.9,MicroATX Mid Tower,Black,Tempered Glass
Fractal Design Pop Air,99.99,ATX Mid Tower,Cyan / Black,Tempered Glass
Fractal Design Torrent Nano RGB,155.22,Mini ITX Tower,White,Tempered Glass
Cooler Master MasterCase H500,246.75,ATX Mid Tower,Black,Tinted Tempered Glass
be quiet! Dark Base 701,229.9,ATX Mid Tower,Black,Tempered Glass
Phanteks Enthoo Pro 2 Server Edition,221.98,ATX Full Tower,Black,
Corsair 7000D AIRFLOW,289.99,ATX Full Tower,White / Black,Tempered Glass
HYTE Y40,129.99,ATX Mid Tower,Red / Black,Tempered Glass
MSI MEG PROSPECT 700R,379.99,ATX Mid Tower,Black,Tempered Glass
Thermaltake The Tower 300 Matcha,105.99,MicroATX Mini Tower,Green,Tempered Glass
Zalman S2,58.98,ATX Mid Tower,Black,Tempered Glass
Fractal Design Torrent,204.99,ATX Mid Tower,White,Tempered Glass
Phanteks NV7,201.38,ATX Full Tower,White,Tempered Glass
GameMax M60,50.98,MicroATX Mid Tower,Black,Mesh
Cooler Master MasterBox MB311L ARGB,140.38,MicroATX Mid Tower,Black,Tempered Glass
Fractal Design Epoch,109.99,ATX Mid Tower,Black,Tinted Tempered Glass
MSI MAG PANO 100L PZ,116.99,ATX Mid Tower,Black,Tempered Glass
Montech KING 95,183.73,ATX Mid Tower,Black,Tempered Glass
Cougar MX330,59.99,ATX Mid Tower,Black,Acrylic
Cooler Master NCORE 100 AIR,139.99,Mini ITX Tower,Silver / White,Mesh
Mars Gaming MC-S2,64.02,ATX Mid Tower,Black,Acrylic
Cooler Master QUBE 500 Flatpack Macaron Edition,99.99,ATX Mid Tower,Multicolor,Tempered Glass
Geometric Future Model 5,134.9,ATX Mid Tower,Black / Gray,Tempered Glass
Thermaltake The Tower 600,189.99,ATX Mid Tower,Green,Tempered Glass
APNX Creator C1,99.99,ATX Mid Tower,Black,Tempered Glass
Corsair 2500X Bamboo,159.99,MicroATX Mini Tower,White / Brown,Tempered Glass
Cougar MX330-G,59.99,ATX Mid Tower,Black,Tempered Glass
Lian Li SUP01,78.73,ATX Mid Tower,White,Tempered Glass
Jonsbo C6,60,MicroATX Mini Tower,White,Mesh
SAMA 3509,64.99,ATX Mid Tower,White,Tempered Glass
SSUPD Xhuttle,120,ATX Mid Tower,Black,Tempered Glass
be quiet! Light Base 900 FX,259.89,ATX Full Tower,White,Tempered Glass
Fractal Design Meshify 3,154.99,ATX Mid Tower,White,Tempered Glass
HYTE REVOLT 3,129.99,Mini ITX Tower,White,Mesh
Thermaltake View 200 TG ARGB,79.98,ATX Mid Tower,Black,Tempered Glass
Antec C8 ARGB,149.99,ATX Full Tower,White,Tempered Glass
HYTE Y60,179.99,ATX Mid Tower,Red / Black,Tempered Glass
iBuypower Slate 8 Mesh Pro ARGB,134.99,ATX Mid Tower,Black,Tempered Glass
Thermaltake AX700,404.98,ATX Full Tower,Black,Tempered Glass
NZXT H7 Elite (2023),199,ATX Mid Tower,Black,Tempered Glass
Jonsbo N4,119.99,MicroATX Desktop,White / Brown,Mesh
Rosewill FBM-X3,89.99,MicroATX Mid Tower,Black,Mesh
Thermaltake S200 TG ARGB,123.73,ATX Mid Tower,Black,Tempered Glass
Corsair Crystal Series 680X RGB,269.49,ATX Mid Tower,Black,Tempered Glass
Thermaltake The Tower 300,89.99,MicroATX Mini Tower,Gray,Tempered Glass
Cooler Master MasterBox K501L,161.36,ATX Mid Tower,Black,Tempered Glass
Thermaltake View 270,69.87,ATX Mid Tower,White,Tempered Glass
Apevia PRISM,79.98,MicroATX Mid Tower,Pink,Tempered Glass
Thermaltake Level 20,1004.98,ATX Full Tower,Black / Silver,Tempered Glass
GAMDIAS NESO P1,124.99,ATX Full Tower,Black / Red,Tempered Glass
Fractal Design Define 7 Dark,204.99,ATX Mid Tower,Black,Tinted Tempered Glass
Thermaltake The Tower 600,189.99,ATX Mid Tower,Purple,Tempered Glass
Thermaltake The Tower 300 Bubble Pink,169.99,MicroATX Mini Tower,Pink / White,Tempered Glass
In Win CJ712,98,MicroATX Desktop,Black,
be quiet! Pure Base 501,109.9,ATX Mid Tower,Black,
Thermaltake The Tower 250,149.95,Mini ITX Tower,White,Tempered Glass
Montech SKY TWO GX,79,ATX Mid Tower,White,Tempered Glass
Phanteks Enthoo Pro 2 Server Edition,233.98,ATX Full Tower,Black,Tempered Glass
Vetroo AL900,79.98,ATX Mid Tower,Black,Tempered Glass
BitFenix Nova Mesh SE,69.9,ATX Mid Tower,White,Tempered Glass
Asus TUF Gaming GT302 ARGB,312.7,ATX Mid Tower,White,Tempered Glass
iBuypower Scale Mesh ARGB,119.99,ATX Mid Tower,Black,Tempered Glass
Silverstone GD11,198.43,HTPC,Black,
Corsair 6500D Airflow,150.1,ATX Mid Tower,White,Tempered Glass
be quiet! Pure Base 501 LX,149.9,ATX Mid Tower,Black,Tempered Glass
Montech HS02 Pro,139.9,ATX Mid Tower,White,Tempered Glass
Gigabyte C500 PANORAMIC STEALTH,259.57,ATX Mid Tower,White,Tempered Glass
Cooler Master NR200P V3,139.99,Mini ITX Desktop,Black,Acrylic
Thermaltake The Tower 600,184.99,ATX Mid Tower,Green / Black,Tempered Glass
Lian Li LANCOOL 216 RGB w/Controller,132.99,ATX Mid Tower,Black,Tinted Tempered Glass
Azza Sanctum,349.99,ATX Desktop,Silver / Black,Tempered Glass
Segotep T3 Aeolus,71.48,ATX Mid Tower,White,Tempered Glass
GAMDIAS TALOS E3 WH,59.99,ATX Mid Tower,White / Black,Tempered Glass
Rosewill FBM-X2-400-HELIX,59.99,MicroATX Mini Tower,Black,
MSI MAG PANO 100L PZ,129.99,ATX Mid Tower,White,Tempered Glass
be quiet! Light Base 600 DX,152.85,ATX Mid Tower,White,Tempered Glass
MSI MAG VAMPIRIC 100R,86.2,ATX Mid Tower,Black,Tempered Glass
Razer Tomahawk Mini-ITX,179.99,Mini ITX Tower,Black / Green,Tinted Tempered Glass
Razer Tomahawk ATX,219.98,ATX Mid Tower,Black,Tinted Tempered Glass
Silverstone SG05-LITE,75.05,Mini ITX Desktop,Black,
Rosewill Helium Flow,79.98,ATX Mid Tower,Black,
Silverstone SETA D1,169.7,ATX Mid Tower,Black,
Fractal Design North XL RC,194.99,ATX Full Tower,White,Tempered Glass
Thermaltake Core P3 TG Pro,140.71,ATX Mid Tower,,Tempered Glass
Silverstone SUGO 15,181.04,Mini ITX Desktop,Black,
Apevia PRISM,79.98,MicroATX Mid Tower,White,Tempered Glass
Cooler Master Elite 500 ODD,134.13,ATX Mid Tower,Black,
Thermaltake View 380 ARGB,114.99,ATX Mid Tower,Blue,Tinted Tempered Glass
SAMA V40,79.99,ATX Mid Tower,White,Tempered Glass
MSI MPG GUNGNIR 300R AIRFLOW,155.99,ATX Mid Tower,White,Tempered Glass
Cooler Master Elite 301,78.59,MicroATX Mid Tower,White,Tempered Glass
Cooler Master MasterBox 600,100.99,ATX Mid Tower,White,Tempered Glass
Fractal Design Meshify 2 Mini,204,MicroATX Mid Tower,White / Black,Tempered Glass
Fractal Design Meshify 3 Ambience Pro RGB,239.99,ATX Mid Tower,White,Tempered Glass
GameMax F45,60.99,ATX Mid Tower,Black / Brown,Tempered Glass
Antec Performance 1 M,194.99,Mini ITX Desktop,Black,Mesh
Corsair iCUE 5000X RGB,214.99,ATX Mid Tower,White / Gray,Tempered Glass
MSI MPG Sekira 500G,1050,ATX Mid Tower,Black,Tempered Glass
HYTE Persona 3 Reload Y70,259.99,ATX Mid Tower,Black / Multicolor,Tempered Glass
Fractal Design Meshify 3,159.99,ATX Mid Tower,Black,Tinted Tempered Glass
SSUPD Xhuttle,120,ATX Mid Tower,White,Tempered Glass
be quiet! Dark Base Pro 901,299.89,ATX Full Tower,White,Tempered Glass
Thermaltake Ceres 330 ARGB,68.99,ATX Mid Tower,Black,Tempered Glass
Lian Li LANCOOL 205 Mesh C,117.99,ATX Mid Tower,White,Tempered Glass
be quiet! Pure Base 600,119.9,ATX Mid Tower,Black,Tempered Glass
Montech KING 95 PRO,169,ATX Mid Tower,Blue / Black,Tempered Glass
Cooler Master HAF 700,299.99,ATX Full Tower,Black,Tempered Glass
MSI MPG VELOX 100P AIRFLOW,292.33,ATX Mid Tower,Black,Tempered Glass
Thermaltake The Tower 600,189.99,ATX Mid Tower,Yellow,Tempered Glass
Asus TUF Gaming GT501,169.99,ATX Mid Tower,White / Black,Tempered Glass
Cooler Master HAF 500,98.08,ATX Mid Tower,White,Tempered Glass
be quiet! Light Base 900 DX,214.9,ATX Full Tower,White,Tempered Glass
Azza Spectra,59.99,ATX Mid Tower,Black,Tempered Glass
Vetroo AL900,79.98,ATX Mid Tower,White,Tempered Glass
Silverstone FARA 515XR,79.59,ATX Mid Tower,White,Tempered Glass
RAIJINTEK OPHION EVO,69.9,Mini ITX Desktop,Black,Acrylic
Corsair iCUE 5000T RGB,239.99,ATX Mid Tower,Black,Tempered Glass
Thermaltake The Tower 300,134.99,MicroATX Mini Tower,Green / Black,Tempered Glass
Aerocool Bolt,82.79,ATX Mid Tower,Black,Acrylic
Jonsbo TK-2 2.0,162,ATX Mid Tower,Black,Tempered Glass
Thermaltake View 380 XL TG ARGB,79,ATX Mid Tower,Yellow / Black,Tempered Glass
APNX Creator C1,99.99,ATX Mid Tower,White,Tempered Glass
Thermaltake The Tower 600,169.99,ATX Mid Tower,Blue,Tempered Glass
Cooler Master MasterBox MB320L ARGB,84.99,MicroATX Mini Tower,Black,Tempered Glass
Antec DF600 FLUX,104.99,ATX Mid Tower,Black,Tempered Glass
Thermaltake The Tower 300 Hydrangea,153.99,MicroATX Mini Tower,Blue,Tempered Glass
GAMDIAS ATLAS M1,84.99,ATX Mid Tower,White,Tempered Glass
Silverstone PS16B,75.15,MicroATX Mini Tower,Black,
Cooler Master TD300 Mesh,84.99,MicroATX Mini Tower,White / Black,Tempered Glass
Cooler Master MasterCase H500M,462.49,ATX Mid Tower,Black,Tempered Glass
Antec DF700 FLUX,148.98,ATX Mid Tower,Black,Tempered Glass
Antec C7 ARGB,173.49,ATX Mid Tower,Black,Tempered Glass
Montech Heritage PRO,109.9,MicroATX Mid Tower,White,Tempered Glass
Corsair 2500X Obsidian,159.99,MicroATX Mini Tower,Black,Tempered Glass
Cougar MX330-G Pro,68.09,ATX Mid Tower,Black,Tempered Glass
Apevia Destiny Flow,75.98,ATX Mid Tower,Pink,Tempered Glass
Asus ProArt PA602 Wood Edition,500.94,ATX Mid Tower,Black / Brown,
MSI MPG VELOX 100R,139.99,ATX Mid Tower,White,Tempered Glass
Montech HS01 PRO,114.9,ATX Mid Tower,Black,Tempered Glass
PC Cooler I100 PRO MESH,101.69,Mini ITX Desktop,White,Mesh
Silverstone MILO 11,92.77,MicroATX Desktop,Black / Silver,
Silverstone SG13 V2,74.13,Mini ITX Tower,Black,
Zalman Z7 NEO,69.98,ATX Mid Tower,Black,Tempered Glass
iBuypower Slate 9 Mesh,124.99,ATX Mid Tower,Black,Tempered Glass
ENDORFY Ventum 200,93.74,ATX Mid Tower,Black,
Phanteks XT PRO,119.98,ATX Mid Tower,,
Silverstone RM52,533.01,ATX Full Tower,Black,
be quiet! Pure Base 500,92.9,ATX Mid Tower,White,Tempered Glass
GAMDIAS ATHENA M3,82.43,ATX Mid Tower,White,Tempered Glass
Fractal Design Torrent RGB,229.99,ATX Mid Tower,White,Tempered Glass
Thermaltake View 170 ARGB,84.98,MicroATX Mini Tower,Pink / Blue,Tempered Glass
Vetroo AL800,59.99,ATX Mid Tower,Green,Tempered Glass
Corsair 3500X CALL OF DUTY BLACK OPS 6 EDITION,99.99,ATX Mid Tower,Black / Orange,Tempered Glass
Fractal Design Meshify 3 XL RGB,189.99,ATX Full Tower,Black,Tinted Tempered Glass
Apevia Prism Elite,109.99,ATX Mid Tower,Pink,Tempered Glass
be quiet! Pure Base 501 DX,129.9,ATX Mid Tower,Black,Tempered Glass
Cougar Duoface Pro RGB,125.91,ATX Mid Tower,Black,Tempered Glass
Silverstone FARA 515XR,69.98,ATX Mid Tower,Black,Tempered Glass
Silverstone Sugo 16,95.5,Mini ITX Tower,Black,
Montech KING 95 PRO,169,ATX Mid Tower,Red / Black,Tempered Glass
Thermaltake View 71 TG RGB,219.99,ATX Full Tower,Black,Acrylic
HYTE Gundam Wing Y70 Touch Infinite,499.99,ATX Mid Tower,White / Gold,Tempered Glass
Fractal Design Epoch,109.99,ATX Mid Tower,White,Tempered Glass
Jonsbo BO400,315,ATX Mid Tower,Gray / Black,Tempered Glass
Jonsbo N10,61.99,Mini ITX Tower,Silver,Mesh
Silverstone CS382,259.61,ATX Mid Tower,Black,
MSI MPG GUNGNIR 110R,119.99,ATX Mid Tower,White,Tempered Glass
Thermaltake View 380 ARGB,114.99,ATX Mid Tower,Pink / Blue,Tempered Glass
ENDORFY ARX 500 ARGB,114,ATX Mid Tower,Black,Tempered Glass
iBuypower Element 9 PRO,134.99,ATX Mid Tower,Black,Tempered Glass
Fractal Design Meshify 3 XL Ambience Pro RGB,274.99,ATX Full Tower,White,Tempered Glass
Silverstone RM42-502,425.16,ATX Mid Tower,Black,
Thermaltake S200 TG ARGB,136.84,ATX Mid Tower,White,Tempered Glass
Corsair Crystal Series 680X RGB,164.99,ATX Mid Tower,White / Black,Tempered Glass
Thermaltake The Tower 600,186.99,ATX Mid Tower,Pink,Tempered Glass
Silverstone SETA H2,184.17,ATX Full Tower,Black,Mesh
DIYPC Rainbow-Flash-F4,65.98,ATX Mid Tower,Pink,Tempered Glass
Geometric Future Model 5,149.9,ATX Mid Tower,Black / Green,Tempered Glass
Thermaltake Core P3,151.77,ATX Mid Tower,Black,Tempered Glass
NZXT H7 Flow RGB (2023),168.99,ATX Mid Tower,Black,Tempered Glass
Vetroo M05,64.98,MicroATX Mid Tower,Green,Tempered Glass
Silverstone Crown 04,549.99,HTPC,Black,Mesh
be quiet! Pure Base 501 Airflow,94.99,ATX Mid Tower,White,
Silverstone PS15,59.99,MicroATX Mid Tower,Black,Tempered Glass
GAMDIAS Talos M3 Mesh,84.99,ATX Mid Tower,Black,Tempered Glass
Corsair iCUE 5000X RGB QL Edition,209.99,ATX Mid Tower,White,Tempered Glass
Silverstone GD08B,246.29,HTPC,Black,
Fractal Design Epoch RGB,129.99,ATX Mid Tower,Black,Tinted Tempered Glass
Asus TUF Gaming GT502 Horizon,194.91,ATX Mid Tower,White,Tempered Glass
Cooler Master Silencio S600,143.57,ATX Mid Tower,Black,
Thermaltake The Tower 200,104.98,Mini ITX Tower,Green,Tempered Glass
Thermaltake Divider 370 TG ARGB,150.99,ATX Mid Tower,Black,Tempered Glass
Thermaltake View 71 TG Snow,224.98,ATX Full Tower,White,Acrylic
Thermaltake CTE E550,169.95,ATX Mid Tower,Orange,Tempered Glass
Montech SKY TWO,135.97,ATX Mid Tower,Blue,Tempered Glass
BGears b-Voguish,58.99,ATX Mid Tower,Black,Tempered Glass
Cooler Master MasterFrame 600,179.99,ATX Mid Tower,Black,Tempered Glass
GameMax Vista A,79.99,ATX Mid Tower,Black,Tempered Glass
GAMDIAS Talos M3 Mesh,99.06,ATX Mid Tower,White,Tempered Glass
be quiet! Silent Base 802,192.48,ATX Mid Tower,White,Tempered Glass
ENDORFY ARX 500 Air,103.5,ATX Mid Tower,Black,Tempered Glass
Corsair Crystal 280X RGB,239.99,MicroATX Mid Tower,White,Tempered Glass
Thermaltake CTE C750 ARGB,184.98,ATX Full Tower,Black,Tempered Glass
Thermaltake AX700,399.99,ATX Full Tower,White,Tempered Glass
Apex MI-008,68.39,Mini ITX Tower,Black,
NZXT H7 Flow RGB (2023),159.99,ATX Mid Tower,White,Tempered Glass
Thermaltake View 380 XL TG ARGB,84.99,ATX Mid Tower,Red / Copper,Tempered Glass
Silverstone SG13,75.81,Mini ITX Tower,White / Black,
GAMDIAS NESO P1,150.99,ATX Full Tower,Black / White,Tempered Glass
Lian Li V3000 PLUS White GGF Edition,494.99,ATX Full Tower,White,Tempered Glass
Apevia Genesis-BK,74.98,ATX Mid Tower,Black,Tempered Glass
Thermaltake Core P3 TG Pro Snow,129.99,ATX Mid Tower,,Tempered Glass
Antec CX700 RGB ELITE,96.61,ATX Mid Tower,White,Tempered Glass
Montech HS02,95.9,ATX Mid Tower,Black,Tempered Glass
Thermaltake The Tower 300 Bumblebee,104.99,MicroATX Mini Tower,Yellow / Black,Tempered Glass
Anidees AI CRYSTAL XL PRO LITE,309.89,ATX Full Tower,Black,Tempered Glass
Corsair iCUE 4000D RGB Airflow QL Edition,149.99,ATX Mid Tower,White,Tempered Glass
darkFlash L280,143.22,ATX Mid Tower,White,Tempered Glass
HYTE Y70 Silver Wolf,299.99,ATX Mid Tower,Black / Purple,Tempered Glass
PC Cooler C3 T500 ARGB,119.99,ATX Mid Tower,White,Tempered Glass
Thermaltake S300 Tempered Glass Snow Edition,83.99,ATX Mid Tower,White,Tempered Glass
Linkworld 920-01C2121U,49.5,HTPC,Black,
Silverstone CS351,189.99,MicroATX Desktop,Black,
Thermaltake The Tower 200,104.98,Mini ITX Tower,Beige,Tempered Glass
Thermaltake Ceres 300 TG ARGB,119.98,ATX Mid Tower,Green,Tempered Glass
Antec VSK 3000 Elite,113.43,MicroATX Mini Tower,Black,
be quiet! Pure Base 500,99.9,ATX Mid Tower,White,
Corsair iCUE 5000T LX RGB,339.99,ATX Mid Tower,White,Tempered Glass
Thermaltake V250 TG ARGB,134.96,ATX Mid Tower,Black,Tempered Glass
ADATA XPG INVADER X,169,ATX Mid Tower,Black,Tempered Glass
Antec P20C,79.99,ATX Mid Tower,Black,Tempered Glass
Fractal Design Pop XL Silent,536.73,ATX Full Tower,Black,Tempered Glass
Thermaltake The Tower 300,169.99,MicroATX Mini Tower,Brown / Gold,Tempered Glass
Lian Li LANCOOL 206,169.99,ATX Mid Tower,White,Tempered Glass
Thermaltake The Tower 250,149.99,Mini ITX Tower,Green / Black,Tempered Glass
Thermaltake CTE C700 Air,134.98,ATX Mid Tower,Black,Tempered Glass
ENDORFY Signum 300 Air,130.61,ATX Mid Tower,Black,Tempered Glass
Fractal Design Pop Air,154.62,ATX Mid Tower,White,Tempered Glass
Chieftec Hunter,111.29,ATX Mid Tower,Black,Tempered Glass
Silverstone ML06B,92.54,HTPC,Black,
Corsair 4000D Airflow Teak,117.5,ATX Mid Tower,Black / Brown,Tempered Glass
Silverstone ML03B,101.41,HTPC,Black,
Silverstone ML07B,118.72,HTPC,Black,
MSI MPG GUNGNIR 300P AIRFLOW,361.98,ATX Mid Tower,Black,Tempered Glass
Thermaltake The Tower 250,149.95,Mini ITX Tower,Blue / White,Tempered Glass
iBuypower Element 9,114.99,ATX Mid Tower,Black,Tempered Glass
Antec C7 ARGB,181.99,ATX Mid Tower,White,Tempered Glass
Thermaltake Level 20 RS ARGB,89.98,ATX Mid Tower,Black,Tempered Glass
Jonsbo TK-2 2.0,162,ATX Mid Tower,White,Tempered Glass
Fractal Design Meshify 2 Compact Lite RGB,321.05,ATX Mid Tower,Black,Tinted Tempered Glass
GAMDIAS ARGUS E4 ELITE,61.47,ATX Mid Tower,Black,Tempered Glass
Rosewill Helium Flow,79.98,ATX Mid Tower,White,
Vetroo AL800,64.98,ATX Mid Tower,Black,Tempered Glass
Asus ProArt PA401 Wood Edition,273.96,ATX Mid Tower,Black,
Lian Li LANCOOL 205 Mesh,195,ATX Mid Tower,Black,Tempered Glass
Apex DM-387,87.99,HTPC,Black,
Montech HS01,89.9,ATX Mid Tower,Black,Tempered Glass
GAMDIAS ATLAS E1,84.84,ATX Mid Tower,White,Tempered Glass
Phanteks Eclipse P600S,158.98,ATX Mid Tower,White,Tempered Glass
Chieftec APEX,178.78,ATX Mid Tower,Black,Tempered Glass
Silverstone FARA 313 Type-C,78.59,MicroATX Mid Tower,Black,
Geometric Future Model 5,149.9,ATX Mid Tower,White,Tempered Glass
Asiahorse Perseus,179.99,ATX Mid Tower,Black,Tempered Glass
HYTE Persona 3 Reload Y60,229.99,ATX Mid Tower,Black / Blue,Tempered Glass
Silverstone FARA H1M,79.95,MicroATX Mini Tower,Black,
Geometric Future Model 5 Fanless,109.9,ATX Mid Tower,Black / Gray,Tempered Glass
Thermaltake Ceres 300 TG ARGB,99.99,ATX Mid Tower,White,Tempered Glass
Thermaltake AX700,404.98,ATX Full Tower,White,Mesh
Thermaltake The Tower 200 Bumblebee,104.98,Mini ITX Tower,Yellow / Black,Tempered Glass
Antec CX600M Trio ARGB,111.84,MicroATX Mini Tower,Black,Tempered Glass
Cooler Master MasterCase H500 ARGB,246.75,ATX Mid Tower,Black,Tempered Glass
Montech Heritage,89.9,MicroATX Mid Tower,White,Tempered Glass
Antec CX600M Trio ARGB,185.73,MicroATX Mini Tower,White,Tempered Glass
Azza Aero,109.99,ATX Mid Tower,Black,Mesh
ADATA XPG INVADER,84.93,ATX Mid Tower,Black,Tempered Glass
Thermaltake The Tower 600,185.99,ATX Mid Tower,Red,Tempered Glass
Antec P20CE,172.61,ATX Mid Tower,Black,
Thermaltake View 200 TG ARGB,84.98,ATX Mid Tower,White,Tempered Glass
PC Cooler C3 T500 ARGB,168.56,ATX Mid Tower,Black,Tempered Glass
Silverstone FARA 513 Type-C,98.31,ATX Mid Tower,Black,
Silverstone SG13 V2,75.3,Mini ITX Tower,Pink,
Antec Performance 1 M,214.99,Mini ITX Desktop,Green / Black,Mesh
Thermaltake CTE T500 Air,134.98,ATX Full Tower,White,Tempered Glass
Silverstone SUGO 17,212.48,MicroATX Desktop,Black,Mesh
Thermaltake View 51 Snow ARGB Edition,214.6,ATX Full Tower,White,Tempered Glass
In Win BL040.300TB3LF,102.58,HTPC,Black,
Thermaltake The Tower 100,128.99,Mini ITX Tower,Turquoise / Black,Tempered Glass
iBuypower Snowblind S,199.99,ATX Mid Tower,White,Tempered Glass
G.Skill LT1,69.98,MicroATX Mini Tower,Black,Tempered Glass
Silverstone RVZ03,141.04,Mini ITX Desktop,Black,
Corsair 5000T,244.99,ATX Mid Tower,Black,Tempered Glass
Thermaltake The Tower 300,169.99,MicroATX Mini Tower,Turquoise / Black,Tempered Glass
MagniumGear NEO QUBE 2 Infinity Mirror,106.98,ATX Mid Tower,White,Tempered Glass
TRYX LUCA L70,249.99,ATX Mid Tower,Black,Tempered Glass
Geometric Future Model 5,134.9,ATX Mid Tower,Black / Yellow,Tempered Glass
ENDORFY Regnum 400 Air,151.28,ATX Mid Tower,Black,Tempered Glass
Jonsbo MOD-3,325.31,ATX Mid Tower,Black,Tempered Glass
In Win BK623.BH300TB3,108.05,MicroATX Mini Tower,Black / Silver,
BGears b-Optillusion,59.99,ATX Mid Tower,Black,Tempered Glass
Thermaltake Ceres 350 MX,129.71,ATX Mid Tower,Pink,Tempered Glass
Thermaltake CTE T500,110.49,ATX Full Tower,White,Tempered Glass
Silverstone FARA 514X,108.69,ATX Mid Tower,Black,Tempered Glass
Thermaltake The Tower 250,154.98,Mini ITX Tower,Blue / Pink,Tempered Glass
Thermaltake Ceres 330 ARGB,64.99,ATX Mid Tower,White,Tempered Glass
Silverstone Sugo SG11,131.62,MicroATX Mini Tower,Black,
Silverstone Milo 12,198.47,HTPC,Black,Mesh
PrimoChill Praxis WetBench,234.99,ATX Test Bench,Black,
GAMDIAS ATLAS E1,84.84,ATX Mid Tower,Black,Tempered Glass
Thermaltake CTE C700 TG ARGB,154.93,ATX Mid Tower,Black,Tempered Glass
Cooler Master MasterBox MB600L V2,186,ATX Mid Tower,Black,
Corsair Crystal 280X RGB,239.99,MicroATX Mid Tower,Black,Tempered Glass
FSP Group CUT593P,109.99,ATX Full Tower,White,Tempered Glass
Asiahorse Perseus,179.99,ATX Mid Tower,White,Tempered Glass
Thermaltake The Tower 300,153.99,MicroATX Mini Tower,Green / Pink,Tempered Glass
In Win 101,119.2,ATX Mid Tower,Black,Tempered Glass
ADATA XPG INVADER X,169,ATX Mid Tower,White,Tempered Glass
Apevia Prodigy,74.98,MicroATX Mini Tower,Black,Tempered Glass
Thermaltake The Tower 600,189.99,ATX Mid Tower,Green / White,Tempered Glass
Azza Spectra,64.98,ATX Mid Tower,White,Tempered Glass
Fractal Design Meshify 3 XL RGB,209.99,ATX Full Tower,White,Tempered Glass
Raidmax X921 MESHIAN,69.98,ATX Mid Tower,Black,Tempered Glass
Thermaltake CTE E600,154.98,ATX Mid Tower,Black,Tempered Glass
Azza Celesta 340F,67.98,ATX Mid Tower,Black,Tempered Glass
Fractal Design Meshify 3,159.99,ATX Mid Tower,White,Tempered Glass
be quiet! Shadow Base 800 FX,239.89,ATX Mid Tower,White,Tempered Glass
Antec P10C,113.64,ATX Mid Tower,Black,
Zalman Z10 DUO,99.99,ATX Mid Tower,Black,Tempered Glass
Silverstone ML05B,74.99,HTPC,Black,
GAMDIAS NESO P1,165.99,ATX Full Tower,White,Tempered Glass
SHARKOON Rebel C50,459.39,ATX Mid Tower,White,Mesh
Apevia Genesis Pro,79.98,ATX Mid Tower,White,Tempered Glass
Fractal Design Meshify 2 Compact RGB,273.63,ATX Mid Tower,Black,Tinted Tempered Glass
Thermaltake The Tower 200,104.98,Mini ITX Tower,Turquoise,Tempered Glass
darkFlash L280,125.99,ATX Mid Tower,Black,Tempered Glass
Montech HS02,95.9,ATX Mid Tower,White,Tempered Glass
Streacom DA2 V2,259,Mini ITX Desktop,Black,
Silverstone SUGO 15,160.08,Mini ITX Desktop,Silver,
Vetroo AL800,64.98,ATX Mid Tower,White,Tempered Glass
Silverstone ML04B,116.1,HTPC,Black,
Corsair iCUE 5000T RGB,239.99,ATX Mid Tower,White / Gray,Tempered Glass
Cooler Master MasterFrame 700,191.99,ATX Full Tower,Black,Tempered Glass
Corsair 2500X Satin,159.99,MicroATX Mini Tower,White / Gray,Tempered Glass
Vetroo M05,64.98,MicroATX Mid Tower,White,Tempered Glass
Thermaltake CTE E550,166.99,ATX Mid Tower,Black,Tempered Glass
Silverstone ML09,110.43,HTPC,Black,
HYTE Y60 Ouro Kronii,280,ATX Mid Tower,White / Gold,Tempered Glass
Thermaltake CTE E550,169.95,ATX Mid Tower,Green / Black,Tempered Glass
Chieftec CI-01B-OP,184.88,MicroATX Desktop,Black,
In Win A3,69.56,MicroATX Mini Tower,Black,Tempered Glass
SHARKOON QB ONE,159.76,Mini ITX Desktop,Black,Mesh
Antec Performance 1 FT,305.87,ATX Full Tower,White,Tempered Glass
Thermaltake Core P6,187.9,ATX Mid Tower,White / Black,Tempered Glass
Fractal Design Meshify 2 Lite,466.15,ATX Mid Tower,White / Black,Tempered Glass
Fractal Design Epoch RGB,129.99,ATX Mid Tower,White,Tempered Glass
Corsair 6500X,199.99,ATX Mid Tower,White / Gray,Tempered Glass
Silverstone SETA A2,199.99,ATX Mid Tower,Black,Tempered Glass
HYTE Watson Amelia Y40,279.99,ATX Mid Tower,Gold / Black,Tempered Glass
NZXT H7 Elite (2022),199.99,ATX Mid Tower,,Tempered Glass
Streacom DA6,139,Mini ITX Test Bench,Silver,
Montech HS01,89.9,ATX Mid Tower,White,Tempered Glass
Azza Pyramid Mesh,419.99,ATX Mid Tower,Silver / Black,Mesh
HYTE Mori Calliope Y40,349.99,ATX Mid Tower,Black / Red,Tempered Glass
Azza Legionaire 470,109.99,ATX Mid Tower,Black,Mesh
In Win A5,105,ATX Mid Tower,Black,Tempered Glass
ADATA XPG Battlecruiser II,179.99,ATX Mid Tower,Black,Tempered Glass
Silverstone ML08,136.22,HTPC,Black,Acrylic
be quiet! Silent Base 601,184.35,ATX Mid Tower,Black / Silver,Tempered Glass
be quiet! Pure Base 501 Airflow,114.9,ATX Mid Tower,White,Tempered Glass
GAMDIAS MARS E2,79.99,MicroATX Mid Tower,Black,Tempered Glass
Thermaltake Ceres 350 MX,144.98,ATX Mid Tower,Green / Black,Tempered Glass
Antec ISK 110 VESA U3,537.2,Mini ITX Desktop,Black,
Cooler Master Silencio S400,356.98,MicroATX Mini Tower,Black,Tempered Glass
Aerocool Cipher,186,ATX Mid Tower,Black,
Mars Gaming MC-CORE,103.8,MicroATX Mid Tower,Black,Tempered Glass
Azza Elise,69.98,MicroATX Mid Tower,Black / Pink,Tempered Glass
Thermaltake CTE T500,154.98,ATX Full Tower,Black,Tempered Glass
Silverstone TJ08B-E,155.97,MicroATX Mini Tower,Black,
Silverstone CS380,253.2,ATX Mid Tower,Black,
Silverstone FARA H1M,72.89,MicroATX Mini Tower,White,Tempered Glass
Montech HS01 PRO,114.9,ATX Mid Tower,White,Tempered Glass
darkFlash J11,79.98,ATX Mid Tower,Black,Tempered Glass
Gigabyte AORUS C400,329.02,ATX Mid Tower,Black,Tempered Glass
be quiet! Shadow Base 800 DX,147.9,ATX Mid Tower,White,Tempered Glass
NZXT H710i,191.65,ATX Mid Tower,Black / Red,Tempered Glass
Lian Li LL01,154.99,ATX Mid Tower,Black,Tempered Glass
Silverstone ML04 Type-C,140.85,HTPC,Black,Mesh
Thermaltake Versa H24,161,ATX Mid Tower,Black,
Azza Cube 802 RGB,379.99,ATX Mid Tower,Black,Tempered Glass
RAIJINTEK Metis Plus,74.9,Mini ITX Tower,White,Acrylic
Silverstone DS380B,221.99,Mini ITX Tower,Black,
Silverstone FARA 512Z,94.46,ATX Mid Tower,Black,Tempered Glass
Thermaltake Ceres 350 MX,139.99,ATX Mid Tower,Blue,Tempered Glass
Silverstone FARA R1 PRO,91.99,ATX Mid Tower,Black,Tempered Glass
Geometric Future Model 5 Vent,149.9,ATX Mid Tower,Black,Tempered Glass
In Win F5,149,ATX Full Tower,Black,Tempered Glass
Thermaltake View 71 TG,199.99,ATX Full Tower,Black,Acrylic
iBuypower Element 9 PRO,134.99,ATX Mid Tower,White,Tempered Glass
Aerocool Prism V1,75.26,ATX Mid Tower,Black,Tempered Glass
Geometric Future Model 5 Vent,149.9,ATX Mid Tower,Black / Yellow,Tempered Glass
In Win ModFree Deluxe,269,ATX Full Tower,Black,Tempered Glass
Apevia Prism Elite,105.99,ATX Mid Tower,Black,Tempered Glass
Rosewill Helium Flow RGB,89.99,ATX Mid Tower,Black,Tempered Glass
Cooler Master MasterBox MB400L with ODD,71.06,MicroATX Mini Tower,Black,
Cooler Master Elite 302,81.03,MicroATX Mini Tower,White / Black,Tempered Glass
Silverstone GD07B,230.07,HTPC,Black,
Silverstone ALTA G1M,171.13,MicroATX Mid Tower,,
ADATA XPG STARKER AIR,89.99,ATX Mid Tower,Pink,Tempered Glass
Apevia Prism Elite,105.99,ATX Mid Tower,White,Tempered Glass
Thermaltake CTE C750 ARGB,184.98,ATX Full Tower,White,Tempered Glass
be quiet! Dark Base 701,239.9,ATX Mid Tower,White,Tempered Glass
Chieftec BS-10B-300,167.02,MicroATX Mini Tower,Black,
Apevia Genesis Pro,79.98,ATX Mid Tower,Black,Tempered Glass
G.Skill Z5i,139.99,Mini ITX Tower,Black,Tempered Glass
Silverstone Precision PS15 RGB,73.15,MicroATX Mid Tower,Black,Tempered Glass
Silverstone CS381B,457.99,MicroATX Desktop,Black,
Thermaltake H570 TG ARGB,124.98,ATX Mid Tower,White,Tempered Glass
Thermaltake The Tower 250,132.49,Mini ITX Tower,Yellow / Brown,Tempered Glass
Cougar Gemini M,159.43,MicroATX Mini Tower,Black,Tempered Glass
Azza Pyramid Mini 806,339.99,Mini ITX Tower,Silver / Black,Tempered Glass
Aerocool Cronus,119.91,ATX Mid Tower,Black,Tempered Glass
iBuypower Element 9,114.99,ATX Mid Tower,White,Tempered Glass
Silverstone FTZ01,182.65,Mini ITX Desktop,Black,
HYTE REVOLT 3,249.99,Mini ITX Tower,Black,Mesh
Silverstone RVZ02B,118.98,HTPC,Black / Clear,Acrylic
BGears b-Voguish RGB,83.99,ATX Mid Tower,Black,Tempered Glass
Chieftec CN-01B-OP,94.15,Mini ITX Desktop,Black,Mesh
Cooler Master MasterCase H100,171,Mini ITX Desktop,Black,
Corsair 5000T,244.99,ATX Mid Tower,White,Tempered Glass
Thermaltake CTE C700 Air,134.98,ATX Mid Tower,White,Tempered Glass
Silverstone SG13,74.27,Mini ITX Tower,Black,
YEYIAN Mirage X,280.45,ATX Full Tower,Black,Tempered Glass
Rosewill Helium Flow RGB,89.99,ATX Mid Tower,White,Tempered Glass
be quiet! Pure Base 501 DX,139.9,ATX Mid Tower,White,Tempered Glass
Streacom DA2,288.86,Mini ITX Desktop,Silver,
Fractal Design Core 1000,77.27,MicroATX Mini Tower,Black,
Thermaltake Ceres 500,109.66,ATX Mid Tower,White,Tempered Glass
Asus A23 PLUS,129,MicroATX Mid Tower,Black,Tempered Glass
NZXT H510i All Might,249.99,ATX Mid Tower,Blue / Red,Tempered Glass
ADATA XPG Battlecruiser,160,ATX Mid Tower,Black,Tempered Glass
Geometric Future Model 6,99.9,ATX Mid Tower,Black / Yellow,Tinted Tempered Glass
Thermaltake Divider 300 TG,79.98,ATX Mid Tower,Black,Tempered Glass
ADATA XPG DEFENDER,106.84,ATX Mid Tower,Black,Tempered Glass
TRYX LUCA L70,249.99,ATX Mid Tower,White,Tempered Glass
MSI MAG PANO 120R PZ,235.4,ATX Mid Tower,Black,Tempered Glass
Silverstone ALTA G1M,183.71,MicroATX Mid Tower,White,
Rosewill Zircon I,189.99,ATX Mid Tower,Black,Tempered Glass
Antec GX700,208.44,ATX Mid Tower,Black,
Antec P10 FLUX,106.99,ATX Mid Tower,Black,
Thermaltake CTE E660 MX,184.98,ATX Mid Tower,Blue / White,Tempered Glass
BGears ‎b-BlackWidow-RGB,85.47,ATX Mid Tower,Black,Tinted Tempered Glass
Chieftec UK-02B-OP,155.09,ATX Mid Tower,Black,
Thermaltake Ceres 350 MX,144.98,ATX Mid Tower,Green,Tempered Glass
Apevia Destiny Pro,81.99,ATX Mid Tower,White / Black,Tempered Glass
Thermaltake Ceres 350 MX,119.99,ATX Mid Tower,White,Tempered Glass
Silverstone PS15,74.56,MicroATX Mid Tower,White,Tempered Glass
Silverstone FARA 511Z,103.99,ATX Mid Tower,Black,Tempered Glass
Streacom DA2 V2,259.99,Mini ITX Desktop,Silver,
HYTE Y60 Hakos Baelz,280,ATX Mid Tower,Black / Red,Tempered Glass
Geometric Future Model 5 Vent Fanless,109.9,ATX Mid Tower,Black,Tempered Glass
ADATA XPG DEFENDER,96.74,ATX Mid Tower,White / Black,Tempered Glass
Thermaltake Divider 200 TG Air Snow,149.96,MicroATX Mini Tower,White,Tempered Glass
Silverstone FARA H1M PRO,91.97,MicroATX Mini Tower,White / Black,Tempered Glass
In Win IW-MS04,148.86,Mini ITX Desktop,Black,
Silverstone PM02-G,158.71,ATX Mid Tower,Black / Red,Tempered Glass
Thermaltake CTE C700 TG ARGB,110.49,ATX Mid Tower,White,Tempered Glass
RAIJINTEK Ponos Ultra MS4,79.98,ATX Mid Tower,Black,Tempered Glass
Silverstone SUGO 17,216.37,MicroATX Desktop,White,Mesh
Thermaltake The Tower 300,159.99,MicroATX Mini Tower,Pink / Blue,Tempered Glass
Chieftec BT-02B-U3-250VS (230V),165.78,Mini ITX Tower,,
Silverstone PS15 PRO,192.49,MicroATX Mid Tower,Black,Tempered Glass
Cougar MX330-F,86.84,ATX Mid Tower,Black,Acrylic
Asus TUF Gaming GT301,229.99,ATX Mid Tower,Pink / Black,Tempered Glass
SHARKOON Rebel C50 RGB,481.35,ATX Mid Tower,Black,Tempered Glass
Cougar Duoface RGB,122,ATX Mid Tower,White,Tempered Glass
Montech SKY ONE LITE,119.95,ATX Mid Tower,Black,Tempered Glass
be quiet! Pure Base 501 LX,154.9,ATX Mid Tower,White,Tempered Glass
SHARKOON VS9 RGB,342.8,ATX Mid Tower,White,Tempered Glass
Aerocool Menace Saturn RGB,88.11,ATX Mid Tower,Black,Tempered Glass
Thermaltake Versa H15,192,MicroATX Mid Tower,Black,Acrylic
RAIJINTEK METIS EVO TGS,81.23,Mini ITX Desktop,White,Tempered Glass
RAIJINTEK Ponos Ultra TG4,88.99,ATX Mid Tower,White,Tempered Glass
GameMax N80,116.99,ATX Mid Tower,Black,Tempered Glass
Cooler Master MasterFrame 600,291.97,ATX Mid Tower,Silver,Tempered Glass
Silverstone SETA A2,197.99,ATX Mid Tower,White,Tempered Glass
Silverstone Sugo 16,100.1,Mini ITX Tower,White,
Geometric Future Model 5 Fanless,119.9,ATX Mid Tower,White,Tempered Glass
Thermaltake View 300 MX,228.75,ATX Mid Tower,Black,Tempered Glass
Silverstone GD10B,171.65,HTPC,Black,
Cougar DarkBlader X5 RGB,333.94,ATX Mid Tower,Black,Tempered Glass
Cougar Gemini S,119.94,ATX Mid Tower,Gray / Black,Tempered Glass
Chieftec BX-10B-M-OP,94.24,MicroATX Mid Tower,Black,Mesh
Silverstone TJ04B-E,241.07,ATX Mid Tower,Black,
Thermaltake CTE E550,169.95,ATX Mid Tower,White,Tempered Glass
Silverstone KL07B-E,148.08,ATX Mid Tower,Black,
Silverstone RVZ03W-ARGB,139.43,Mini ITX Desktop,White,
Silverstone FARA 312Z,88.86,MicroATX Mini Tower,Black,Tempered Glass
Lian Li LANCOOL 205 Mesh,239.95,ATX Mid Tower,White / Black,Tempered Glass
GameMax Abyss TR,112.99,ATX Mid Tower,Black,Tempered Glass
Thermaltake Ceres 350 MX,139.99,ATX Mid Tower,Yellow,Tempered Glass
Apevia Destiny Pro,81.99,ATX Mid Tower,Black,Tempered Glass
In Win F5,169,ATX Full Tower,White,Tempered Glass
Silverstone SETA H1,193.04,ATX Mid Tower,Black,Tempered Glass
Azza Hive 450,79.98,ATX Mid Tower,Black,Tempered Glass
SHARKOON Rebel C50 RGB,480.24,ATX Mid Tower,White,Tempered Glass
Thermaltake Ceres 350 MX,139.99,ATX Mid Tower,Black,Tempered Glass
RAIJINTEK OPHION M EVO TGS,69.9,MicroATX Mid Tower,Black,Tempered Glass
Chieftec UE-02B,119.1,MicroATX Mini Tower,,
Thermaltake CTE E600,129.99,ATX Mid Tower,Blue,Tempered Glass
Thermaltake CTE E660 MX,184.98,ATX Mid Tower,White,Tempered Glass
Silverstone Lucid LD03,149.81,Mini ITX Tower,,Tinted Tempered Glass
Silverstone FARA R1 PRO,94.99,ATX Mid Tower,Black,Tempered Glass
Geometric Future Model 5 Fanless,119.9,ATX Mid Tower,Black / Green,Tempered Glass
Thermaltake H550 TG ARGB,234.64,ATX Mid Tower,Black,Tempered Glass
Thermaltake Divider 300 TG Air Snow,119.99,ATX Mid Tower,White,Tempered Glass
Thermaltake CTE E600,145.94,ATX Mid Tower,White,Tempered Glass
Montech SKY ONE LITE,134.96,ATX Mid Tower,White,Tempered Glass
Supermicro SuperChassis 721TQ-350B2,361.94,Mini ITX Tower,Black,
Thermaltake Divider 300 ARGB Triangular,154.98,ATX Mid Tower,Black,Tempered Glass
Geometric Future Model 2 The ARK,169.9,MicroATX Mini Tower,Black / Gold,Mesh
Thermaltake H700 TG,94.98,ATX Mid Tower,White,Tempered Glass
Azza Regis,399.99,ATX Mid Tower,Black,Tempered Glass
Silverstone Lucid LD03-AF,157.51,Mini ITX Tower,Black,Tempered Glass
Silverstone SG12B-V2,184.53,MicroATX Mini Tower,Black / Blue,
SHARKOON VS8 RGB,345.69,ATX Mid Tower,White,Tempered Glass
Azza Eclipse 440,79.98,ATX Mid Tower,Black,Tempered Glass
Chieftec CS-12B-300,146.86,MicroATX Mini Tower,Black,
HYTE REVOLT 3,249.99,Mini ITX Tower,White,Mesh
In Win 904,69.98,ATX Mid Tower,Black,Tempered Glass
Geometric Future Model 5 Vent Fanless,109.9,ATX Mid Tower,White,Tempered Glass
Geometric Future Model 5 Fanless,109.9,ATX Mid Tower,Black / Yellow,Tempered Glass
Silverstone ALTA F1,299.55,ATX Mid Tower,Black,Tempered Glass
Azza Chroma 410,120,ATX Mid Tower,Black,Acrylic
Silverstone FTZ01,181.99,Mini ITX Desktop,Silver,
ADATA XPG Battlecruiser II,179.99,ATX Mid Tower,White,Tempered Glass
In Win ModFree Base,179,ATX Full Tower,Black,Tempered Glass
GAMDIAS NESO P1,149.99,ATX Full Tower,,Tempered Glass
Azza Octane A,99.99,ATX Mid Tower,Black,Tempered Glass
Silverstone FTZ01-E,200.69,Mini ITX Desktop,Black,
RAIJINTEK OPHION M EVO ALS,69.9,MicroATX Mid Tower,Black,
Geometric Future Model 2 The ARK,99.9,MicroATX Mini Tower,Gray / Black,Tempered Glass
iStarUSA S-917,211.96,Mini ITX Tower,Black,
Silverstone FARA R1 PRO,108.86,ATX Mid Tower,White,Tempered Glass
Cougar DarkBlader X5,177.76,ATX Mid Tower,White,Tempered Glass
Silverstone SETA A1,144.47,ATX Mid Tower,Silver / Black,Tempered Glass
Geometric Future Model 5 Vent,159.9,ATX Mid Tower,White,Tempered Glass
Thermaltake View 300 MX Snow TG ARGB,144.98,ATX Mid Tower,White,Tempered Glass
Cougar DarkBlader X5,177.76,ATX Mid Tower,Black,Tempered Glass
Silverstone RV05B,116.35,ATX Mid Tower,Black,
Antec VSK10,295.77,MicroATX Mid Tower,Black,
Silverstone SETA A1,139.46,ATX Mid Tower,Black,Tempered Glass
Thermaltake Divider 500 TG ARGB Air Snow,159.99,ATX Mid Tower,White,Tempered Glass
Thermaltake Divider 500 TG ARGB,164.98,ATX Mid Tower,Black,Tempered Glass
Geometric Future Model 5 Vent Fanless,109.9,ATX Mid Tower,Black / Yellow,Tempered Glass
Silverstone ALTA F1,290.88,ATX Mid Tower,Silver / Black,Tempered Glass
Silverstone PM02-G,156.41,ATX Mid Tower,,Tempered Glass
Thermaltake Divider 300 TG Air,124.98,ATX Mid Tower,Black,Tempered Glass
RAIJINTEK STYX,89.99,MicroATX Mini Tower,Silver,
Asus A23 PLUS,129,MicroATX Mid Tower,White,Tempered Glass
RAIJINTEK Silenos Pro,207.78,ATX Mid Tower,Black,Tempered Glass
Silverstone CS383,379.99,ATX Full Tower,Black,
Aerocool Menace Saturn FRGB,145,ATX Mid Tower,Black,Tempered Glass
In Win EFS712,109.99,MicroATX Mini Tower,Black,
Geometric Future Model 8,151.88,ATX Mid Tower,Black / White,Tinted Tempered Glass
Silverstone SG04B-F,155.51,MicroATX Mini Tower,Black,
Thermaltake Divider 500 TG ARGB Air,164.98,ATX Mid Tower,Black,Tempered Glass
Chieftec BT-04B-U3-250VS (230V),262,Mini ITX Tower,Black,
GameMax Vega,97.99,ATX Mid Tower,Gray / Black,Tempered Glass
Silverstone CS01-HS,180.49,Mini ITX Tower,Black,
In Win EM048,351.24,MicroATX Mini Tower,Black,
Thermaltake Commander C34 TG Snow ARGB,74.96,ATX Mid Tower,White / Black,Tempered Glass
BitFenix Colossus Micro,230,MicroATX Mid Tower,Black,
Thermaltake Divider 550 TG Ultra,204.98,ATX Mid Tower,Black,Tempered Glass
Thermaltake Divider 500 TG ARGB Snow,174.96,ATX Mid Tower,White,Tempered Glass
Silverstone CS01,148.72,Mini ITX Tower,Silver,
Cougar MX660-T RGB,240.25,ATX Mid Tower,Black,Tempered Glass
