name,price,rpm,noise_level,color,size,consumo
Thermalright Peerless Assassin 120 SE,34.9,1550,25.6,Black / Silver,,3
ARCTIC Liquid Freezer III Pro 360,84.99,"600,3000",,Black,360,15
Cooler Master Hyper 212 Black Edition,25.99,"650,2000","6.5,26",Black,,3
Thermalright Phantom Spirit 120 SE ARGB,37.9,1500,25.6,Black / Silver,,3
Thermalright Aqua Elite V3,54.9,1500,25.6,Black,360,3
Noctua NH-D15 chromax.black,139.94,"300,1500","19.2,24.6",Black,,3
NZXT Kraken 360,179.99,"500,1800","17.9,30.6",Black,360,15
Corsair NAUTILUS 360 RS ARGB,129.99,2100,34,Black,360,3
ARCTIC Liquid Freezer III 360 A-RGB,159.99,"200,2000",,Black,360,15
Thermalright Assassin X 120 Refined SE,17.89,1550,25.6,Black / Silver,,3
Cooler Master MasterLiquid 360L Core ARGB,74.98,"350,1750",27.2,Black,360,15
ARCTIC Liquid Freezer III Pro A-RGB 360,93.99,"600,3000",,Black,360,15
Thermalright Phantom Spirit 120 SE,35.9,1500,25.6,Black / Silver,,3
ID-COOLING SE-214-XT ARGB,17.98,"500,1500","13.8,30.5",Black,,3
NZXT Kraken 240,99.99,"500,1800","17.9,30.6",Black,240,12
Thermalright Aqua Elite V3,44.9,1500,25.6,Black,240,3
Thermalright Peerless Assassin 120 SE ARGB,36.9,1550,25.6,Black,,3
ARCTIC Liquid Freezer III 360 A-RGB,149.99,"200,2000",,White,360,15
AMD Wraith Prism,62.35,2800,42,,,3
ARCTIC Freezer 36,44.19,"200,1800",,Black,,3
Corsair NAUTILUS 360 RS ARGB,129.99,2100,34,White,360,3
ARCTIC Liquid Freezer III Pro A-RGB 360,100.49,"600,3000",,White,360,15
Thermalright Phantom Spirit EVO,59.99,2150,27,Black,,3
Noctua NH-D15,129.94,"300,1500","19.2,24.6",,,3
be quiet! Dark Rock Pro 5,99.9,"1300,2000","8.9,23.3",Black,,3
NZXT Kraken 360 RGB,219.99,"500,1800","17.9,30.6",White,360,15
Asus ROG STRIX LC 360 RGB GUNDAM,1621,"800,2500",37.6,White,360,3
Thermalright Frozen Notte ARGB,55.39,2000,27.7,Black,360,3
Thermalright Peerless Assassin 120 SE WHITE ARGB,36.9,1550,25.6,White,,3
ARCTIC Liquid Freezer III Pro,70.98,"600,3000",,Black,240,12
Corsair iCUE LINK TITAN 360 RX LCD,194.99,"300,2100","10,36",Black,360,3
ID-COOLING FROZN A620 PRO SE,29.99,"300,2000",27.2,Black,,3
Noctua NH-L9x65 chromax.black,79.95,"600,2500","14.8,23.6",Black,,3
Thermalright Assassin King SE ARGB,19.09,1550,25.6,White,,3
Lian Li Galahad II Trinity SL-INF,168.99,2100,29,Black,360,3
NZXT Kraken 360 RGB,199.99,"500,1800","17.9,30.6",Black,360,15
Noctua NH-L9A-AM5,49.95,"600,2500","14.8,23.6",Brown / Silver,,3
Thermalright Assassin X SE,16.89,2200,23.85,Black / Silver,,3
Asus ROG Ryujin III 360 ARGB Extreme,374.99,"1,2800",36,Black,360,3
Thermalright Aqua Elite V3,54.59,1500,25.6,White,360,3
Cooler Master MasterLiquid 240L Core ARGB,84.99,"350,1750",27.2,Black,240,12
Thermalright AQUA ELITE ARGB V4,60.9,1550,25.6,Black,360,3
Lian Li Hydroshift LCD 360S,179.99,"200,2500",29.8,White,360,3
ID-COOLING SE-903-XT,14.99,"500,2200",25.8,Black,,3
Cooler Master Hyper 212 (2023),25.99,"690,2500",32.8,Black,,3
Lian Li Hydroshift LCD 360S,174.49,"200,2500",29.8,Black,360,3
Cooler Master Hyper 212 Spectrum V3,16.98,"650,1750",27.2,Black / Silver,,3
Noctua NH-L9A-AM5 CHROMAX.BLACK,59.95,"600,2500","14.8,23.6",Black,,3
NZXT Kraken 240 RGB,114.99,"500,1800","17.9,30.6",White,240,12
Corsair NAUTILUS 240 RS ARGB,99.99,2100,34,Black,240,3
NZXT Kraken Elite 360 RGB (2024),289.99,"500,2400",30,White,360,15
Thermalright AXP90-X47,22.39,2700,22.4,Black,,3
MSI MAG CORELIQUID A13,109.99,,,Black,360,15
Corsair iCUE LINK TITAN 360 RX RGB,199.95,"300,2100",,Black,360,3
Thermalright Assassin Spirit 120 EVO,25.39,2000,28.2,Black,,3
Noctua NH-U12A chromax.black,139.94,"450,2000","18.8,22.6",Black,,3
TRYX PANORAMA SE ARGB,279.99,"500,1850",,Black,360,3
Thermalright Assassin Spirit 120 EVO DARK,25.9,1850,27,Black,,3
NZXT Kraken Elite 360 RGB,299.99,"500,1800","17.9,30.6",Black,360,15
Thermalright Peerless Assassin 120 Black,48.69,1550,25.6,Black,,3
Corsair iCUE LINK TITAN 360 RX LCD,219.99,"300,2100","10,36",White,360,3
Noctua NH-U12S chromax.black,99.95,"300,1500","18.6,22.4",Black,,3
Thermalright Assassin X 120 R Digital ARGB,24.9,2000,29.8,Black,,3
Thermalright Peerless Assassin 120 White,47.59,1550,25.6,White,,3
Lian Li Galahad II Trinity SL-INF,179.99,2100,29,White,360,3
TRYX PANORAMA SE ARGB,279.99,"500,1850",,White,360,3
Noctua NH-D15 G2,179.95,1500,24.8,Brown / Silver,,3
Corsair NAUTILUS 360 RS,104.99,2100,34,Black,360,3
ID-COOLING FROZN A410 BLACK,26.99,"500,2000",29.85,Black,,3
be quiet! Dark Rock 5,72.9,2100,"11.9,29.8",Black,,3
NZXT Kraken Elite 360 (2024),269.99,"500,2000",30,Black,360,15
be quiet! Pure Rock 3,34.9,2000,"12.4,31.2",Black,,3
ARCTIC Liquid Freezer III 280,129.99,"200,1700",,Black,280,12
Intel E97379-001,19.98,"1200,2800",22,Silver / Black,,3
Noctua NH-D9L,84.95,"400,2000","16.3,22.8",,,3
ARCTIC Liquid Freezer III 240 A-RGB,119.91,"200,2000",,Black,240,12
Noctua NH-L12S,74.95,"450,1850","16.8,23.9",,,3
Thermalright Assassin X Refined SE RGB V2,17.29,1550,25.6,Black / Silver,,3
ID-COOLING SE-214-XT ARGB,17.98,"500,1500","13.8,30.5",White,,3
ARCTIC Liquid Freezer III 420 A-RGB,159.99,"200,1900",,Black,420,15
NZXT Kraken 240 RGB,119.99,"500,1800","17.9,30.6",Black,240,12
Montech HyperFlow ARGB 360,97.99,2200,29.1,Black,360,3
Lian Li Galahad II LCD SL-INF,259.99,,29,Black,360,3
Noctua NH-D15S chromax.black,129.94,"300,1500","19.2,24.6",Black,,3
Thermalright AQUA ELITE ARGB V4,52.19,1550,25.6,White,360,3
Thermalright Peerless Assassin 120 SE V3,34.9,2000,29.8,Black / Silver,,3
NZXT Kraken Elite RGB (2025),334.99,"500,2000",34.5,Black,420,15
Cooler Master Hyper 212 RGB Black Edition,27.88,"650,2000","8,30",Black,,3
Thermalright Frozen Notte ARGB,48.9,2000,27.7,White,240,3
Thermalright Assassin X 120 R Digital ARGB,24.9,2000,29.8,White,,3
ARCTIC Liquid Freezer III 360,200,"200,1800",,Black,360,15
Thermalright AXP90-X47,40.9,2700,22.4,Orange / Brown,,3
be quiet! Pure Rock Pro 3,54.9,2000,"14,34.8",Black,,3
TRYX PANORAMA ARGB (2025),358.44,"500,1850",28.87,Black,360,3
be quiet! Silent Loop 3,154.94,2500,"19.8,38.8",Black,360,3
Thermalright Assassin X Refined SE PLUS,19.79,1550,25.6,Black / Silver,,3
ARCTIC Alpine 23,11.89,"100,2000",,White / Black,,3
ID-COOLING FX360 PRO,59.99,"500,1800",35.2,Black,360,3
Thermalright Frozen Notte ARGB,47.29,2000,27.7,Black,240,3
Thermalright Frozen Warframe ARGB,81.09,2000,22.1,Black,360,3
Cooler Master MASTERLIQUID ML240L RGB V2,86.62,"650,1800","6,27",Black,240,12
Corsair iCUE LINK H100i RGB,119.99,"480,2400",,Black,240,3
Thermalright Frozen Infinity 360 ARGB,52.59,2000,28.2,White,360,3
Thermalright Peerless Assassin 120 SE,36.59,1550,25.6,Black,,3
NZXT Kraken Elite 360 RGB (2024),289.99,"500,2400",30,Black,360,15
Thermalright Phantom Spirit,37.9,1500,25.6,Black / Silver,,3
Noctua NH-U12S redux,54.95,"450,1700",25.1,Gray / Silver,,3
Thermalright AXP90-X53 FULL,35.9,2700,22.4,Copper / Orange,,3
Corsair NAUTILUS 240 RS,89.99,2100,34,Black,240,3
Thermalright Aqua Elite V3,44.9,1500,25.6,White,240,3
be quiet! Pure Rock Slim 2,36.77,,"13.1,25.4",Black / Silver,,3
Thermalright Peerless Assassin 120 Digital ARGB,45.9,1850,25.6,Black,,3
Vetroo V5,29.99,"800,1700",30.8,Black,,3
Noctua NH-D15 G2 LBC,179.95,1500,24.8,Brown / Silver,,3
Noctua NH-U9S chromax.black,74.95,"400,2000","16.3,22.8",Black,,3
Thermalright Assassin X Refined SE,17.89,1550,25.6,White / Silver,,3
ARCTIC Freezer 36 A-RGB,48.37,"200,2000",,Black,,3
TRYX PANORAMA ARGB (2025),359.95,"500,1850",28.87,White,360,3
Asus ROG Ryujin III ARGB Extreme,389.99,"1,2800",36,White,360,3
ARCTIC Liquid Freezer III 420,190,"200,1700",,Black,420,15
Thermalright AXP90-X47,21.9,2700,22.4,White,,3
Thermalright Peerless Assassin 140,43.29,1500,25.6,White,,3
Thermalright AQUA ELITE ARGB V4,43.99,1550,25.6,White,240,3
Cooler Master Hyper 212 Halo,28.99,"650,2050",27,Black,,3
Corsair iCUE H150i ELITE CAPELLIX XT,368,"550,2100",,White,360,3
Noctua NH-L9a-AM4,49.95,"600,2500","14.8,23.6",Brown,,3
be quiet! Pure Rock 2 Black,49.9,1500,"19.1,26.8",Black,,3
Lian Li Galahad II LCD SL-INF,249.99,,29,White,360,3
Noctua NH-U12A,129.9,"450,2000","18.8,22.6",Brown,,3
Thermalright Peerless Assassin MINI,37.39,1500,25.6,Black,,3
Thermalright Frozen Prism ARGB,52.39,1850,27,White,360,3
MSI MAG CORELIQUID A13,79.99,,,Black,240,12
NZXT Kraken 280,139.99,"500,1500","19.4,32.1",Black,280,12
Thermalright Frozen Prism,56.89,1850,27,Black,360,3
Thermalright Frozen Warframe ARGB,81.09,2000,22.1,White,360,3
Thermalright AXP120-X67,29.9,1800,26.1,Gray,,3
Iceberg Thermal IceFLOE T95,9.99,"1000,2200",32.3,Teal / Silver,,3
Thermalright Aqua Elite V3,34.59,1500,25.6,Black,120,3
ID-COOLING FX240 PRO,54.99,"500,1800",35.2,Black,240,3
Asus ProArt LC 420,349.99,"800,2000",31.5,Black,420,3
ARCTIC Freezer 36,37.71,"200,1800",,Black / Silver,,3
Thermalright Phantom Spirit SE,37.9,1500,25.6,Black,,3
Thermalright Burst Assassin 120 SE ARGB,23.39,1550,25.6,Black / Silver,,3
Noctua NH-L9i chromax.black,59.95,"600,2500","14.8,23.6",Black,,3
ID-COOLING FX360 INF,69.98,"300,2000",27.2,Black,360,3
Vetroo V240,49.88,"800,1800",30.8,Black,240,3
Corsair iCUE LINK TITAN 360 RX RGB,179.99,"300,2100",,White,360,3
Thermalright Peerless Assassin 90 SE,23.39,2200,23.85,Black,,3
Thermalright Frozen Edge,44.9,2150,28.1,Black,240,3
be quiet! Pure Rock 2,42.99,1500,"19.1,26.8",Silver / Black,,3
Noctua NH-L9i-17xx chromax.black,59.95,"600,2500","14.8,23.6",Black,,3
Cooler Master Hyper 212 Pro,27.88,"690,2500",32.8,Black,,3
Asus ROG Ryujin III ARGB,894,"600,2200",36.45,Black,360,3
ID-COOLING FROZN A620 BLACK,39.99,"500,2000",29.85,Black,,3
Thermalright AXP90-X53,21.39,2700,22.4,Gray,,3
Cooler Master MasterLiquid 360L Core ARGB,80.01,"350,1750",27.2,White,360,15
ARCTIC Freezer 36 A-RGB,49.19,"200,2000",,White,,3
MSI MEG CORELIQUID S360,300,,22.7,Black,360,15
ID-COOLING FROZN A410 SE,24.99,"300,1800",24.8,Black,,3
Thermalright AXP90-X36,21.9,2700,22.4,Gray,,3
Thermalright Peerless Assassin 140,45.39,1500,25.6,Black,,3
Lian Li Galahad II Lite RGB,99.99,"300,2500",34.8,Black,360,3
Thermalright Assassin X 90 SE ARGB,18.89,2200,23.85,Black / Silver,,3
Phanteks Glacier One 360M25 G2,99.99,"350,2000",35.13,Black,360,15
be quiet! Silent Loop 3,158,1900,"19.4,34.3",Black,420,3
MSI MAG CORELIQUID A13,107.99,,,White,360,15
Thermalright Burst Assassin 120 SE,21.69,1550,25.6,Black / Silver,,3
NZXT Kraken 120,89.09,"500,2000","21,36",Black,120,12
Gigabyte AORUS WATERFORCE II 360 ICE,129.99,"800,2300","12.8,36.9",White,360,3
NZXT Kraken Elite RGB (2025),334.99,"500,2000",34.5,White,420,15
Asus ROG Ryujin III,299.99,"450,2000",29.7,Black,360,3
ARCTIC Liquid Freezer III 240 A-RGB,118.99,"200,2000",,White,240,12
Cooler Master Hyper 212 EVO,120.72,"600,2000","9,36",,,3
Thermalright Frozen Prism ARGB,56.9,1850,27,Black,360,3
ID-COOLING SE-214-XT PLUS,19.98,"700,1800",35.2,Black / Silver,,3
Thermalright AQUA ELITE ARGB V4,45.49,1550,25.6,Black,240,3
Thermalright Assassin Spirit 120 EVO WHITE ARGB,22.9,1850,27,White,,3
Thermaltake Gravity i2,12.78,1800,21.3,,,3
Thermalright Frozen Edge,59.59,2150,28.1,Black,360,3
be quiet! Pure Loop 2 FX,149.99,,"8,34",Black,360,3
ID-COOLING FROSTFLOW X,53.99,"800,1600","16.8,32.6",Black / Silver,280,3
Thermalright Mjolnir Vision 360 ARGB,106.59,2150,27,White,360,3
ARCTIC Liquid Freezer III 280 A-RGB,138.99,"200,1900",,Black,280,12
Noctua NH-L9i,49.95,"600,2500","14.8,23.6",Brown,,3
ID-COOLING FROZN A720 BLACK,69.98,"500,2000",33.5,Black,,3
NZXT T120 RGB,32.99,"500,1800","17.2,27.5",Black,,3
Thermalright Royal Knight 120,34.9,2150,29.4,Black,,3
Noctua NH-D12L CHROMAX.BLACK,109.95,"450,2000","18.8,22.6",Black,,3
Noctua NH-U9S,69.95,"400,2000","16.3,22.8",,,3
Asus ROG RYUO III 360 ARGB,189.5,2200,36.45,Black,360,3
Corsair NAUTILUS 240 RS ARGB,99.99,2100,34,White,240,3
Thermalright Grand Vision ARGB,127.69,2150,29.4,Black,360,3
Thermalright Peerless Assassin 90 SE,23.29,2200,23.85,White / Silver,,3
NZXT Kraken X53,229.99,"500,2000","21,36",Black,240,12
ARCTIC Liquid Freezer III Pro A-RGB,78.48,"600,3000",,Black,240,12
Noctua NH-U12S,84.95,"300,1500","18.6,22.4",,,3
Noctua NH-L9x65,69.95,"600,2500","14.8,23.6",,,3
NZXT Kraken Elite 240 (2024),169.99,"500,2000",30,Black,240,12
Thermalright Royal Pretor 130 BLACK,49.69,1750,28.3,Black,,3
be quiet! Light Loop,165.06,"1500,2900","17.2,36.8",Black,360,3
Montech HyperFlow ARGB 360,99.9,2200,29.1,White,360,3
Asus Prime LC 360 ARGB,104.99,"600,2200",,Black,360,3
Thermalright Assassin X Refined SE RGB,18.89,1550,25.6,Black / Silver,,3
Cooler Master MasterLiquid 240 Atmos,98.04,"690,2500",27.2,Black,240,12
Noctua NH-L9a-AM4 chromax.black,69.98,"600,2500","14.8,23.6",Black,,3
Cooler Master MasterLiquid 120L Core,59.99,"650,1750",27.2,Black,120,12
MSI MAG CORELIQUID 240R V2,109.99,"500,2000","14.3,34.3",Black,240,12
Vetroo V360,49.99,"800,1800",30.8,White / Gray,360,3
ID-COOLING FROSTFLOW X,49.49,"700,1800","18,35.2",,240,3
Corsair iCUE LINK H150i RGB,239.99,"480,2400",,Black,360,3
Thermalright AXP120-X67,28.59,1800,26.1,Black,,3
Thermaltake UX200 SE ARGB,29.99,"800,1800",25,Black,,3
ARCTIC Freezer 34 eSports DUO,90,"200,2100",24.4,White / Black,,3
be quiet! Pure Rock LP,59.9,2500,,Black,,3
ARCTIC Liquid Freezer III Pro,98.49,"400,2500",,Black,420,15
Thermalright Mjolnir Vision 360 ARGB,106.59,2150,27,Black,360,3
Asus TUF Gaming LC II ARGB,199,"800,2000",29,Black,360,3
Cooler Master Hyper 212 Halo,33,"650,2050",27,White,,3
Thermalright Frozen Infinity 240 ARGB,47.9,2000,28.2,Black,240,3
Thermalright Frozen Warframe PRO,74.9,2000,29.8,Black,360,3
NZXT Kraken X63,129.98,"500,2000","21,38",Black,280,12
MSI MAG CORELIQUID E360,132.99,,,Black,360,15
ARCTIC Liquid Freezer III 420 A-RGB,171.27,"200,1900",,White,420,15
NZXT T120 RGB,34.99,"500,1800","17.2,27.5",White,,3
MSI MPG CORELIQUID D360,925.87,,,Black,360,15
be quiet! Dark Rock Elite,109.9,"1500,2000","11,25.8",Black,,3
Corsair iCUE H100i ELITE CAPELLIX XT,179.99,"550,2100","5,34.1",Black,240,3
Noctua NH-D12L,99.95,"450,2000","18.8,22.6",Beige / Brown,,3
Noctua NH-L12Sx77,79.95,"450,1850","16.8,23.9",Silver / Beige,,3
Noctua NH-L9i-17xx,49.95,"600,2500","14.8,23.6",Brown / Beige,,3
Thermalright Frozen Edge,54.9,2150,28.1,White,360,3
Thermaltake TH360 V2 ARGB Sync,129.99,"500,2000",25.8,Black,360,3
Cooler Master I30,12.99,2600,28,Black / Silver,,3
Corsair iCUE LINK H115i RGB,119.99,"400,2000",,Black,280,3
NZXT Kraken Elite 240 RGB (2024),199.99,"500,2400",30,Black,240,12
ARCTIC Liquid Freezer III 280 A-RGB,129.94,"200,1900",,White,280,12
Thermalright AXP90-X47,21.9,2700,22.4,Gray,,3
be quiet! Pure Rock 2 FX,97.71,,"7.9,24.4",Black,,3
Montech HyperFlow Silent 360,89.9,"800,2200",24.8,Black,360,3
Thermalright Core Vision ARGB,94.9,2000,27.7,White,360,3
Scythe Fuma 3,54.99,"200,1500","4,28.6",Black / Silver,,3
Thermalright Peerless Assassin 120 Digital,42.59,1850,25.6,Black,,3
MSI MAG CORELIQUID A15,109.99,"500,2050",28.7,Black,360,15
Corsair iCUE LINK H150i LCD,329.99,"480,2400",,White,360,3
Corsair iCUE LINK TITAN 240 RX RGB,159.99,"300,2100",,Black,240,3
Thermalright Frozen Warframe ULTRA ARGB,93.9,2000,22.1,White,360,3
Lian Li HydroShift LCD 360R RGB,199.9,"300,2400",30,Black,360,3
Noctua NH-D15S,119.95,"300,1500","19.2,24.6",,,3
SAMA SM360 LCD,109.99,"800,1800",35.5,White,360,3
Thermalright AXP120-X67,30.9,1800,26.1,White,,3
NZXT Kraken X73,289.99,"500,2000","21,36",Black,360,15
ID-COOLING IS-67-XT,39.99,"500,2200",35.2,Black,,3
ARCTIC Alpine 17 CO,12.99,"250,2700",,Black,,3
ID-COOLING FROZN A620 PRO SE ARGB,39.99,"300,2000",27.2,Black,,3
Corsair iCUE LINK H100i RGB,119.99,"480,2400",,White,240,3
Thermalright Core Vision ARGB,94.9,2000,27.7,Black,360,3
Thermalright Peerless Assassin 120 White ARGB,45.39,1550,25.6,White,,3
Lian Li Galahad II Trinity,149.99,2450,35.4,White,360,3
Phanteks Glacier One 360M25 G2,99.99,"350,2000",35.13,White,360,15
NZXT Kraken Elite 240 RGB (2024),189.99,"500,2400",30,White,240,12
Asus ROG STRIX LC III ARGB LCD,299.99,"800,2200",36,Black,360,3
ARCTIC Freezer 7 X,25.99,"300,2000",22.5,Black / White,,3
Gigabyte AORUS WATERFORCE X II 360,219.99,"800,2400","12,37.5",Black,360,3
Scythe Mugen 6 Dual Fan,56.99,"300,2000","3,26.88",Black,,3
MSI MAG CORELIQUID I360,149.95,,,Black,360,15
NZXT Kraken Z63,253.45,"500,1800","21,38",Black,280,12
ID-COOLING FX360 INF,79.98,2900,25,Pink,360,3
be quiet! Pure Loop 2 FX,118.49,,"8,32.3",Black,240,3
ID-COOLING IS-47-XT,29.99,"800,2800",32.5,Black,,3
ENDORFY Fera 5,27.5,"250,1800",,Black / Silver,,3
Thermalright Core Vision ARGB,79.39,2000,27.7,Black,360,3
be quiet! Light Loop,179.28,"1500,2900","17.2,36.8",White,360,3
Noctua NH-U14S,89.95,"300,1500","19.2,24.6",,,3
Cooler Master MasterLiquid 240L Core ARGB,84.99,"350,1750",27.2,White,240,12
Noctua NH-P1,119.95,,0,Silver,,3
Thermaltake UX200 SE ARGB,31.99,"800,1800",25,White,,3
Thermalright RK120 SE,30.29,1500,25.6,Black / Silver,,3
MSI MAG CORELIQUID 360R V2,139.99,"500,2000","14.3,34.3",Black,360,15
Cooler Master MasterLiquid 360 Atmos,119.99,"690,2500",27.2,Black,360,15
Lian Li Galahad II Lite Performance,104.99,"200,2500",29.8,Black,360,3
Vetroo V240,49.88,"800,1800",30.8,White / Gray,240,3
Noctua NH-D9L chromax.black,84.95,"400,2000","16.3,22.8",Black,,3
NZXT Kraken Z73,220,"500,1800","21,36",Black,360,15
Thermalright Peerless Assassin 120 SE V2,36.9,1850,29.5,Black / Silver,,3
ID-COOLING FX360 INF,72.09,"300,2000",27.2,White,360,3
NZXT Kraken Plus,179.99,"500,2000",30,Black,360,15
ARCTIC Liquid Freezer II 280 A-RGB,99.99,"200,1900",22.5,Black,280,12
Thermalright Peerless Assassin,37.9,1550,25.6,Gray,,3
ARCTIC Alpine 17,11.99,"100,2000",,Black / White,,3
ARCTIC Freezer 36 CO,39.35,"200,1800",,Black / Silver,,3
Thermalright Assassin X Refined SE RGB,19.29,1550,25.6,White / Silver,,3
Cooler Master Hyper 212 EVO V2,69.98,"650,1800","8,27",Black / Silver,,3
Cooler Master Hyper 620S,53.99,"350,1750",27.2,Black / Silver,,3
Thermalright Burst Assassin 120 EVO DARK,29.39,1500,25.6,Black,,3
Thermalright Frozen Prism ARGB,47.9,1850,27,Black,240,3
NZXT Kraken Elite 360,384.13,"500,1800","17.9,30.6",Black,360,15
ENDORFY Spartan 5,16.5,"250,1500",,Black / Silver,,3
be quiet! Pure Rock Pro 3 LX,59.9,2000,"14,34.8",Black,,3
ARCTIC Liquid Freezer II 420 A-RGB,119,"200,1900",22.5,Black,420,15
Asus ROG STRIX LC II ARGB,154.99,"800,2500",37.6,White / Black,360,3
Asus ROG RYUJIN II ARGB,499.1,,,Black,360,3
NZXT T120,34.99,"500,1800","17.9,30.6",Black,,3
ID-COOLING FROZN A410 DK,31.49,"500,2000",29.85,Black,,3
be quiet! Dark Rock Slim,69.51,1500,"11,23.6",Black,,3
ARCTIC Alpine 23 CO,17.98,"100,2000",,Black,,3
NZXT Kraken Elite 280,228.99,"500,1500","19.4,32.1",Black,280,12
NZXT Kraken Elite 240 RGB,346.54,"500,1800","17.9,30.6",White,240,12
Thermaltake TH240 V2 ARGB Sync,79.98,"500,2000",25.8,Black,240,3
Thermalright Frozen Warframe ARGB,68.59,2000,22.1,Black,240,3
Thermalright Assassin King SE ARGB,18.59,1550,25.6,Silver / Gray,,3
be quiet! Silent Loop 3,125.45,2500,"18.7,36.9",Black,240,3
Montech HyperFlow Silent 360,89.9,"800,2200",24.8,White,360,3
Corsair iCUE LINK H100i LCD,189.99,"480,2400",,Black,240,3
Thermalright Peerless Assassin 90 SE,23.9,2200,23.85,Black / Silver,,3
NZXT Kraken 280 RGB,199.99,"500,1500",34.48,White,280,12
Thermalright Silver Soul 110,29.9,2500,23,Black,,3
MSI MAG CORELIQUID I360,149.94,,,White,360,15
Thermaltake Contact 9 SE,19.98,"800,2000",24.5,Black / Silver,,3
Asus Prime LC 240 ARGB,84.99,"600,2200",,Black,240,3
Jonsbo CR-1400 EVO Color White,28.5,"800,2200","22.3,33.8",White,,3
Asus ROG RYUO III 360 ARGB WHITE EDITION,194.99,2200,36.45,White,360,3
Fractal Design Lumen S24 RGB V2,109.99,"500,2000","10,33.2",Black,240,3
Cooler Master MasterLiquid 240 Core II,68.34,"600,1750",30,Black,240,12
Thermalright Frozen Infinity 240 ARGB,46.9,2000,28.2,White,240,3
MSI MAG CORELIQUID A13,74.99,,,White,240,12
Evercool HPH-9525CU,12,1800,20,,,3
Thermaltake TH360 V2 ARGB Sync,120.99,"500,2000",25.8,White,360,3
ID-COOLING SE-224-XTS BLACK,26.99,"600,1500",28.9,Black,,3
Razer Hanbo Chroma,79.98,,,Black,360,3
HYTE THICC Q60,249,,"10,47.3",White / Black,240,3
Vetroo V5,29.99,"800,1700",30.8,Pink,,3
MSI MAG CORELIQUID M360,146.61,"500,2000","14.3,34.3",Black,360,15
Thermalright Grand Vision ARGB,131.9,2150,29.4,White,360,3
Lian Li Galahad II Trinity,189,2450,35.4,Black,240,3
ARCTIC Alpine AM4,10.08,"100,2000",,Black / White,,3
Thermalright Frozen Warframe ULTRA ARGB,93.9,2000,22.1,Black,360,3
NZXT T120,34.99,"500,1800","17.9,30.6",White,,3
ID-COOLING FX240 INF,63.99,2900,25,Pink,240,3
Scythe SHURIKEN 3,39.99,"300,2500","1.8,31.78",Black,,3
Lian Li Galahad II Trinity Performance,274.66,"2300,3000","32.1,39.9",White,360,3
Phanteks Glacier One D30 X2,179,"250,2000",35.13,Black,360,15
Vetroo V360,57.95,"800,1800",30.8,Black,360,3
Corsair iCUE H150i RGB PRO XT,135.98,2400,37,Black / White,360,3
ARCTIC Freezer 8A,48.36,"200,2300",,Black / Silver,,3
Gigabyte AORUS WATERFORCE II 360,196.24,"800,2300","12.8,36.9",Black,360,3
be quiet! Pure Rock Pro 3,49.9,2000,"14,34.8",Silver / Black,,3
Cooler Master MasterLiquid 360 Core II,99.99,"600,1750",30,Black,360,15
Cooler Master MasterLiquid 240 ATMOS Stealth,109.99,"1,2400",30,Black,240,12
ENDORFY Fera 5 Dual Fan,32.5,"250,1800",,Black / Silver,,3
iBuypower AW4,79.99,"700,2000",38,Black,240,3
SAMA SM360 LCD,121.99,"800,1800",35.5,Black,360,3
ID-COOLING FROZN A400 BLACK,24.99,"500,2200",25.8,Black,,3
Vetroo V5,24.99,"800,1700",30.8,White,,3
NZXT Kraken 280 RGB,149.99,"500,1500",34.48,Black,280,12
MSI MAG CORELIQUID M240,133.95,"500,2000","14.3,34.3",Black,240,12
Thermalright Assassin Spirit 120 Vision ARGB,30.9,1500,25.6,Black,,3
Cooler Master Hyper 612 APEX,64.97,,30,Black,,3
ENDORFY Navis F360 ARGB,150.54,"250,1800",,Black,360,3
Razer Hanbo Chroma,59.99,,,Black,240,3
Asus ProArt LC 360,244.99,,"0,39.5",Black,360,3
Cooler Master I70C,17.91,"650,1800",28,Black / Silver,,3
Fractal Design Lumen S28 RGB V2,119.99,"500,1700","10,35.5",Black,280,3
Lian Li Galahad II Trinity,159.99,2450,35.4,Black,360,3
NZXT Kraken Plus RGB,219.99,"500,2400",31.9,Black,360,15
be quiet! Pure Rock 3 LX,39.9,2000,"14,34.8",Black,,3
MSI MAG CORELIQUID E360 WHITE,119.99,,,White,360,15
Scythe Mugen 6,46.99,"300,2000","3,26.88",Black,,3
Asus ROG STRIX LC 360 RGB White Edition,411,"800,2500",37.6,White,360,3
be quiet! Pure Loop 2,129.9,,"17.2,36.8",Black,360,3
Corsair iCUE LINK TITAN 240 RX LCD,199.99,"300,2100","10,36",Black,240,3
GAMDIAS AURA GL360,59.99,"800,2000","11,29",Black,360,3
Asus TUF Gaming LC II ARGB,119.99,"800,2000",29,Black,240,3
Cooler Master MasterLiquid 240L Core,237,"650,1750",27.2,Black,240,12
NZXT Kraken Elite 280 RGB,394.75,"500,1500",34.48,White,280,12
Asus ROG STRIX LC II ARGB,79.99,"800,2500",37.6,White / Black,240,3
Gelid Solutions Liquid 360,93.99,"750,1800",29.6,Black,360,15
Noctua NH-L9x65 SE-AM4,59.95,"600,2500","14.8,23.6",,,3
Lian Li Galahad II Lite Performance,84.99,"200,2500",29.8,Black,240,3
Cooler Master MasterLiquid ML360R RGB,74.98,"650,2000","6,34",Black,360,15
ID-COOLING FX240 PRO,49.99,"500,1800",35.2,White,240,3
Corsair iCUE LINK TITAN 280 RX RGB,179.99,"300,1700",,Black,280,3
Corsair H115i RGB PLATINUM,376.56,2000,37,Black / Silver,280,3
APNX AP1-V,29.99,"600,1800","16.1,32.8",Black,,3
Thermalright Hyper Vision UB ARGB,120.9,2150,27,Black,360,3
NZXT Kraken Elite 240,354.29,"500,1800","17.9,30.6",Black,240,12
ENDORFY Spartan 5 ARGB,18,"250,1500",,Black / Silver,,3
be quiet! Pure Loop 2,99.9,,"15.4,34.9",Black,240,3
Xilence A250PWM,17.89,"1000,2800","17.8,32",Red / Black,,3
Jonsbo CR-1000 EVO ARGB Black,29.5,"600,1500","22,32",Black,,3
Noctua NH-L12 Ghost S1,74.95,"300,1600","13.1,17.6",Silver / Beige,,3
ENDORFY Spartan 5 MAX ARGB,24,"250,1500",,Black / Silver,,3
ID-COOLING IS-55 ARGB,34.99,"500,2000",31.2,Black,,3
Thermaltake TH360 V2 Ultra ARGB Sync,149.99,"500,1800",25.8,Black,360,3
Geometric Future Eskimo Pro 42,109.9,2400,34.2,Black,420,3
Gigabyte AORUS WATERFORCE II 240,152.97,"800,2300","12.8,36.9",Black,240,3
Thermalright Hyper Vision UB ARGB,120.9,2150,27,White,360,3
Thermalright Frozen Edge,47.39,2150,28.1,White,240,3
NZXT Kraken Plus,129.99,"500,2000",30,Black,240,12
EK EK-Nucleus AIO CR240 Lux D-RGB,127.99,"550,2300",36,Black,240,12
ID-COOLING FROZN A620 ARGB WHITE,59.99,"500,2000",29.9,White,,3
MSI MAG CORELIQUID E240,104.99,,,Black,240,12
Fractal Design Lumen S36 RGB V2,129.99,"500,2000","10,33.2",Black,360,3
Asus ROG RYUO III 240 ARGB,149.99,2200,36.45,Black,240,3
Thermalright Silver Soul 110,28.9,2500,23,White,,3
Thermalright Royal Pretor 130,45.79,1750,28.3,Black / Silver,,3
Deepcool THETA 20 PWM,16.48,"900,2400","17.8,32.5",Black / Silver,,3
NZXT Kraken M22,89.99,"500,2000","21,36",Black,120,12
Thermalright SI-100,26.9,2000,27.7,Black,,3
be quiet! Pure Loop 2,109.9,,"15.4,33.8",Black,280,3
ARCTIC Liquid Freezer III Pro,79.48,"400,2500",,Black,280,12
ID-COOLING FX240 INF,62.99,"300,2000",27.2,Black,240,3
Thermalright Burst Assassin ARGB,22.9,1550,25.6,Black / Silver,,3
Asus ROG Ryujin III,189.99,"450,2000",29.7,Black,240,3
APNX AP1-V,29.99,"600,1800","16.1,32.8",White,,3
NZXT Kraken X73 RGB,669.55,"500,1500","22,33",White / Black,360,15
Lian Li Galahad II LCD,224.99,"300,2450",30,Black,360,3
Gigabyte AORUS WATERFORCE X,239.99,"800,2500","7.9,37.6",Black,360,3
Thermalright Assassin King SE,18.98,1550,25.6,Silver / Gray,,3
Montech HyperFlow Silent 240,74.92,"800,2200",24.8,Black,240,3
Gigabyte AORUS WATERFORCE X II 360 ICE,219.99,"800,2400","12,37.5",White,360,3
Thermalright Frozen Prism ARGB,47.9,1850,27,White,240,3
HYTE THICC Q80 Trio,349.99,"1,3000","10,47.3",Black,360,3
Cooler Master Hyper 622 Halo,64.98,"650,2050",27,White,,3
Lian Li Galahad II Trinity SL-INF,159.99,2100,29,White,240,3
NZXT Kraken Z53,187.98,"500,2000","21,36",Black,240,12
ARCTIC Freezer 7 X CO,22.97,"300,2000",,Black / Silver,,3
be quiet! Shadow Rock LP,44.73,1500,"14.8,25.5",,,3
Corsair iCUE LINK TITAN 240 RX LCD,199.99,"300,2100","10,36",White,240,3
Cooler Master Hyper 212 Black X Duo,108.2,"690,2500",32.8,Black,,3
Lian Li Galahad II LCD,259.99,"300,2450",30,White,360,3
Thermalright Frost Commander 140 BLACK,56.9,1800,30.2,Black,,3
Cooler Master MasterLiquid 360 Core II,84.99,"600,1750",30,White,360,15
Thermaltake TH280 V2 ARGB Sync,109.99,"500,1800",34.7,White,280,3
ID-COOLING FROZN A410 ARGB,34.99,"500,2000",29.9,Black,,3
Thermalright Frozen Prism,47.9,1850,27,Black,240,3
Inter-Tech ALSEYE W90,38.99,3000,36.7,White / Black,,3
Noctua NH-U14S TR4-SP3,109.95,"300,1500","19.2,24.6",,,3
Asus ROG Ryujin III ARGB,189.99,"600,2200",36.45,Black,240,3
Noctua NH-D15 G2 HBC,179.95,1500,24.8,Brown / Silver,,3
Cooler Master Hyper 212 Halo SF6 Ryu,33,"650,2050",27,White / Orange,,3
Corsair iCUE LINK H150i RGB,249.99,"480,2400",,White,360,3
Cooler Master MasterLiquid ML360 Illusion,203.75,"650,1800","6,30",Black / Silver,360,15
Cooler Master Hyper 212 RGB Black Edition,59.99,"650,2000","8,30",,,3
Asus ROG Ryujin III,329.99,"600,2200",36.45,White,360,3
NZXT Kraken Elite 280 RGB,324.06,"500,1500",34.48,Black,280,12
HYTE THICC Q80 Trio,349.99,"1,3000","10,47.3",White,360,3
Thermalright Frozen Warframe PRO ARGB,109.9,2000,29.8,White / Blue,360,3
MSI MAG CORELIQUID E240 WHITE,99.99,,,White,240,12
Thermalright SI-100 WHITE ARGB,30.9,2000,27.7,White,,3
Corsair iCUE LINK TITAN 240 RX RGB,159.99,"300,2100",,White,240,3
Thermaltake TH120 V2 ARGB Sync,69.98,"500,2000",25.8,Black,120,3
Thermaltake TH360 V2 Ultra ARGB Sync,149.99,"500,1800",25.8,White,360,3
Gigabyte GAMING 360,99.99,"500,2200","13.8,35.8",Black,360,3
Lian Li Galahad II Trinity SL-INF,176.99,2100,29,Black,240,3
Jonsbo CR-1400 EVO Color Black,28.5,"800,2200","22.3,33.8",Black,,3
NZXT Kraken Elite 280 RGB (2024),199.99,"500,2000",34.5,Black,280,12
Asus ROG STRIX LC III ARGB LCD,314.99,"800,2200",36,White,360,3
Noctua NH-C14S,133.69,"300,1500","19.2,24.6",,,3
ENDORFY Spartan 5 MAX,20,"250,1500",,Black / Silver,,3
Asus ROG STRIX LC II ARGB,149.99,"800,2500",37.6,Black,360,3
Montech HyperFlow ARGB 240,97.26,2200,29.1,Black,240,3
ENDORFY Navis F240,101.03,"250,1800",,Black,240,3
be quiet! Pure Loop 2 FX,134.99,,"10.8,32.8",Black,280,3
ID-COOLING FROZN A620 GDL,49.99,"500,2000",29.9,Black / Gold,,3
Corsair iCUE LINK TITAN 420 RX RGB,219.99,"300,1700",,Black,420,3
Lian Li Galahad II LCD,209.99,"300,1550",26.7,White,280,3
Alpenföhn BLACK RIDGE,69.61,"800,2800","14,37.6",Black,,3
Cooler Master MasterLiquid ML240L V2 RGB,129.99,"650,1800","8,27",White / Black,240,12
ID-COOLING FX240 INF,62.99,"300,2000",27.2,White,240,3
Cooler Master Wraith Ripper,270,,"0,38",Black,,3
Ocypus Iota A62,56.99,"500,2000",29,Black,,3
Phanteks GLACIER ONE 420D30,169.99,"250,1800",29.5,White,420,15
Cooler Master MasterLiquid 240 Core II,66.92,"600,1750",30,White,240,12
EK EK-Nucleus AIO CR240 Lux D-RGB,123.48,"550,2300",36,White,240,12
NZXT Kraken Elite 240 RGB,373.45,"500,1800","17.9,30.6",Black,240,12
iBuypower AW4,99.99,"700,2000",38,Black,360,3
Thermalright Burst Assassin 120 Vision,52.9,1500,25.6,Black,,3
Thermalright Burst Assassin,21.59,1550,25.6,Gray / Black,,3
NZXT Kraken Plus RGB,179.99,"500,2400",31.9,White,240,12
ID-COOLING SE-224-XTS,24.99,"600,1500",28.9,White,,3
ID-COOLING FROZN A410 ARGB WHITE,39.99,"500,2000",29.9,White,,3
Thermalright Burst Assassin 120 Vision,54.9,1500,25.6,White,,3
Noctua NH-U9 TR4-SP3,99.95,"400,2000","16.3,22.8",,,3
NZXT Kraken Elite 280 RGB (2024),199.99,"500,2000",34.5,White,280,12
Asus ROG STRIX LC III ARGB,248.75,"800,2200",36,Black,360,3
ID-COOLING SL360,129.99,"500,2000",29.9,White,360,3
Thermaltake TH280 V2 ARGB Sync,109.99,"500,1800",25.8,Green,280,3
EK EK-Nucleus AIO CR360 Lux D-RGB,150,"550,2300",36,White,360,15
Cooler Master MasterLiquid ML240 Illusion,69.99,"650,1800","6,30",Black,240,12
NZXT Kraken Z63 RGB,274.99,"500,1500","22,33",Black,280,12
ENDORFY Fortis 5,39.9,"250,1400",,Black / Silver,,3
ID-COOLING SL360,129.99,"500,2000",29.9,Black,360,3
Asus ROG STRIX LC II 280 ARGB,119.99,"700,2100",35.7,Black,280,3
Noctua NH-U12S SE-AM4,74.95,"300,1500","18.6,22.4",,,3
Cooler Master MasterLiquid ML360L ARGB V2,160.9,"650,1800","8,27",White,360,15
Lian Li Galahad II LCD,209.99,"300,1550",26.7,Black,280,3
Thermaltake Gravity i3,19.98,"1200,3500",36.5,Silver / Black,,3
Ocypus Iota A40,34.99,"500,2000",29,Black,,3
NZXT Kraken X63 RGB,249.99,"500,1500","22,33",Black,280,12
Asus ROG STRIX LC II,109.99,"800,2500",37.6,Black,240,3
ID-COOLING FROZN A410 SE ARGB,26.99,"300,2000",27.2,Black / Silver,,3
Ocypus Iota L36,99.99,"500,2000",29,White,360,3
Xilence I200,13.06,2200,25,Black / Silver,,3
Thermalright Hyper Vision ARGB,169.99,2150,27,White,360,3
Thermalright Assassin King 90,25.9,2500,27.3,Black / Silver,,3
Thermaltake TH420 V2 Ultra ARGB Sync,209.99,"500,2000",34.7,Black,420,3
Thermaltake TH280 V2 ARGB Sync,109.99,"500,1800",34.7,Black,280,3
Corsair iCUE H100i RGB ELITE,109.99,"400,1850","5,28.9",White,240,3
Syba CL-CNL-EOLE802,12.7,2200,25,,,3
Thermalright Frozen Warframe 240 SE ARGB,55.59,2000,29.8,Black,240,3
Cooler Master Hyper 212 Black Edition,79.98,"800,2000","6.5,26",,,3
be quiet! Dark Rock TF 2,154.95,1400,,Black,,3
Thermalright Hyper Vision ARGB,169.99,2150,27,Black,360,3
Thermalright Assassin Spirit 120 Vision ARGB,29.59,1500,25.6,White,,3
Antec Symphony ARGB,175.14,"800,1600","20,35",White,360,3
Thermaltake ASTRIA 200 ARGB,36.49,"500,1800",26.8,Black,,3
Lian Li Galahad II Lite RGB,84.9,"300,2500",34.8,Black,240,3
Thermaltake TH360 V2 Ultra ARGB Sync,189.95,"500,1800",25.8,Blue / White,360,3
TRYX PANORAMA ARGB (2024),309.99,"500,1850",27.86,White,240,3
PC Cooler RZ400 V2,25.99,"500,2200",32,Black,,3
Fractal Design Lumen S36 V2,274.19,"500,2000","10,33.2",Black,360,3
Cooler Master MasterLiquid PL360 FLUX,129.99,,32,Black,360,15
Cooler Master MasterLiquid ML360L ARGB V2,159.9,"650,1800","8,27",Black,360,15
Scythe Kotetsu Mark 3,29.99,"300,1500","4,28.6",Black / Silver,,3
Thermaltake TH420 V2 Ultra ARGB Sync,209.95,"500,2000",34.7,White,420,3
Enermax LIQMAXFLO SR 360,130.58,"500,1800",23.46,Black,360,3
Gigabyte AORUS WATERFORCE 240,162.51,"950,2150","16.9,31",Black,240,3
MSI MAG CORELIQUID A15,99.95,"500,2050",28.7,Black,240,12
Alphacool Eisbaer Pro Aurora,214.95,,31.5,Black,420,3
Thermaltake TH240 V2 ARGB Sync,93.99,"500,2000",25.8,White,240,3
Thermaltake TOUGHLIQUID Ultra,189.99,"500,2500",28.1,Black,360,15
Ocypus Delta A40 ARGB,21.99,"500,2000",29,Black,,3
Cooler Master Hyper H410R RGB,139,"600,2000","6,29",,,3
Valkyrie Vind 125 SL,54.99,"800,2150",29,Black,,3
NZXT Kraken Plus RGB,179.99,"500,2400",31.9,Black,240,12
Asus ROG Ryujin III,204.99,"600,2200",36.45,White,240,3
Lian Li GALAHAD AIO 240 RGB UNI FAN SL120 EDITION,287.36,"800,1900",32,Black / Silver,240,12
Phanteks Glacier One D30 X2,169.99,"250,2000",35.13,White,360,15
Noctua NH-U9DXi4,64.95,"300,1600","13.1,17.6",,,3
Asus ROG STRIX LC III ARGB,259.99,"800,2200",36,White,360,3
ID-COOLING SE-225-XT,34.99,"700,1800","15.2,35.2",Black,,3
TRYX PANORAMA ARGB (2024),309.99,"500,1850",27.86,Black,240,3
NZXT Kraken Z63 RGB,488.71,"500,1500","22,33",White / Black,280,12
ARCTIC Liquid Freezer III Pro A-RGB,107.99,"400,2500",,Black,420,15
ENDORFY Fera 5 ARGB,34.5,"250,1800",,Black / Silver,,3
ARCTIC Freezer 8A CO,47.59,"200,2300",,Black / Silver,,3
BitFenix Cube ARGB,59.9,2000,34,Black,240,3
NZXT Kraken X53 RGB,135.98,"500,1500","22,33",Black,240,12
ID-COOLING BLITZ X4,19.98,"500,1500",26.6,Black / Silver,,3
Phanteks Glacier One 360 T30 Gen2,388.42,"1200,3000","11.1,39.7",Black / Gray,360,15
be quiet! Light Loop,139.9,"1500,2900","15.4,34.9",Black,240,3
ID-COOLING IS-40-XT,24.99,"800,2800","14,35.2",Black,,3
Montech HyperFlow Silent 240,74.17,"800,2200",24.8,White,240,3
Asus ROG RYUO III 240 ARGB WHITE EDITION,139.99,2200,36.45,White,240,3
ENDORFY Fortis 5 Dual Fan,46.5,"250,1400",,Black / Silver,,3
Thermaltake MAGFloe 360 Ultra ARGB Sync,239.99,"500,2000",30.6,Black,360,3
Lian Li ALC 360,172,"300,2450",30,,360,3
MSI MAG CORELIQUID I240,94.99,,,Black,240,12
GAMDIAS CHIONE M4-240,69.23,"800,2000","11,29",Black,240,3
Cooler Master MasterLiquid 360 Ion,249.99,,30,Black,360,15
Thermaltake TH240 V2 Ultra ARGB Sync,149.99,"500,1800",25.8,White,240,3
Cooler Master Elite,74.99,"600,2100",39.5,Black,360,3
Thermaltake ASTRIA 400 ARGB,44.99,"500,1800",26.8,Black,,3
Thermaltake TH420 V2 ARGB Sync,109.99,"500,1800",34.7,Black,420,3
EVGA ACX mITX,36.26,"800,2800",33.4,,,3
Cooler Master Masterliquid 240 Atmos,123.99,"690,2500",27.2,White,240,12
Thermaltake Gravity A2,21.67,"1200,3500",33.5,Silver / Black,,3
Thermaltake ASTRIA 600 ARGB,64.98,"500,1800",26.8,Black,,3
Thermaltake TH120 ARGB Sync,59.99,1500,28.2,White,120,3
be quiet! Shadow Rock 3,51.9,1600,"11.5,24.4",Black,,3
ID-COOLING SE-207-XT SLIM,36.99,"700,1800","15.2,35.2",,,3
EVGA CLCx 360,194.99,,35,Black,360,3
Cooler Master MasterLiquid ML240 Illusion,69.99,"650,1800","6,30",White,240,12
BitFenix Cube ARGB,177.74,2000,34,Black,360,3
Cooler Master MasterLiquid ML240R RGB,201.56,"650,2000","6,30",,240,12
be quiet! Shadow Rock Slim 2,44.65,1400,"11.5,23.7",Black,,3
ID-COOLING FROZN A620 ARGB,64.98,"500,2000",29.9,Black,,3
Cooler Master MasterLiquid PL240 FLUX,98.99,,32,Black,240,12
Gigabyte GAMING 360,159.08,"500,2200","13.8,35.8",White,360,3
MSI MAG CORELIQUID 240R V2,178.11,"500,2000","14.3,34.3",White,240,12
Antec A400i,35.79,"800,1800","20,36",Black / Silver,,3
Cooler Master i50,16.98,2000,28,Black / Silver,,3
Thermalright Frozen Warframe 240 SE ARGB,56.99,2000,29.8,White,240,3
Geometric Future Eskimo Pro 42,89.9,2400,34.2,White,420,3
be quiet! Light Loop,144.9,"1500,2900","15.4,34.9",White,240,3
Asus ROG STRIX LC III,210.99,"800,2200",36,Black,360,3
GAMDIAS CHIONE M4-360,105.23,"800,2000","11,29",Black,360,3
be quiet! Pure Rock Slim,74,2000,"13.1,25.4",,,3
Alphacool Core Ocean T38,93.5,,"0,36",Black,420,3
be quiet! Pure Loop 120,62.49,,"18.9,36.1",Black,120,3
ENDORFY Fera 5 Black,33.5,"250,1800",,Black,,3
Vetroo V360,64.98,"800,1800",30.8,Pink,360,3
ARCTIC Liquid Freezer II 420 RGB,347.31,"200,1900",22.5,Black,420,15
Noctua NH-D15 SE-AM4,129.94,"1200,1500","19.2,24.6",,,3
Cooler Master Hyper 212 EVO V2,78.47,"650,1800","8,27",,,3
NZXT Kraken Plus,159.99,"500,1700",30,Black,280,12
ENDORFY Navis F240 ARGB,146.08,"250,1800",,Black,240,3
PC Cooler DS360,109.99,"500,2200",32,Black,360,3
Valkyrie SYN,139.9,"800,2150",29,White / Blue,360,3
GAMDIAS BOREAS E1,36.61,"800,2000","10,31",Black / Silver,,3
Thermalright Frost Commander 140,48.9,1800,30.2,Gray,,3
ID-COOLING FROZN A410 GDL,34.99,"500,2000",29.9,Black / Gold,,3
MSI MEG CORELIQUID S280,349.52,,24.9,Black,280,12
Fractal Design Lumen S28 V2,189.61,"500,1700","10,35.5",Black,280,3
Alphacool Core Ocean T38,79,,"0,34.3",Black,360,3
Asus ROG STRIX LC II,129.99,"800,2500",37.6,Black,360,3
Lian Li Galahad II Trinity,200.37,2450,35.4,White,240,3
Fractal Design Celsius+ S24 Prisma PWM ARGB,129.91,"500,2000",32.7,Black,240,3
be quiet! Pure Loop 2,105.7,,"13,32.1",Black,120,3
Thermalright Grand Vision ARGB,91.9,2150,29.4,Black,240,3
Valkyrie Vind 125 SL,49.49,"800,2150",29,White,,3
be quiet! Silent Loop 2 280,289.43,1600,"16.5,36.1",Black,280,3
Cooler Master Masterliquid 360 Atmos,149.99,"690,2500",27.2,White,360,15
ID-COOLING SL240,109.99,"500,2000",29.9,Black,240,3
Enermax LIQMAXFLO 420,114.79,"500,1700",25.47,Black,420,3
Thermaltake CL-P0503,12.95,2900,29.58,,,3
Thermaltake Floe DX RGB 360 TT Premium Edition,96.36,"500,1500","19,23.9",Black / Gray,360,3
Montech HyperFlow ARGB 240,93.76,2200,29.1,White,240,3
Alphacool Eisbaer Aurora 420,189.95,"600,1500",,Black,420,3
Ocypus Iota L24,83.99,"500,2000",29,Black,240,3
Thermaltake TOUGHAIR 510,57.99,"500,2000",23.6,Black / Gray,,3
Thermaltake TOUGHAIR 310,34.99,"500,2000",23.6,Black / Gray,,3
Gigabyte AORUS WATERFORCE X II 240AORUS WATERFORCE X II 240,179,"800,2400","12,37.5",Black,240,3
Cooler Master Elite,69.99,"600,2100",39.5,Black,240,3
ID-COOLING SL PRO SE,119.99,"300,2000",27.2,Black,360,3
Asus ROG RYUJIN II,247.26,"450,2000",29.7,Black,240,3
Corsair A500,109.99,2400,36,Black / Silver,,3
Silverstone IceMyst 360,149.99,"500,2200","12.1,33.1",Silver / Black,360,3
Montech METAL DT24 PREMIUM,120.98,"800,1950",26,Black / Silver,,3
Thermalright Grand Vision ARGB,79.19,2150,29.4,White,240,3
Enermax LIQMAX III 240 ARGB,48.9,"500,1600","14,27",White / Black,240,3
Thermaltake TH420 V2 ARGB Sync,139.99,"500,1800",34.7,White,420,3
Enermax LIQMAXFLO SR 240,116.31,"500,1800",23.46,Black,240,3
Silverstone Hydrogon H90 ARGB,65.99,"500,2600","11.3,34.6",Black / Silver,,3
Thermaltake TOUGHAIR 710,86.99,"300,1400","18.5,23.9",Black,,3
Thermaltake TH420 V2 Ultra EX ARGB Sync,244.98,"500,2000",30.7,Black,420,3
Alphacool Core Ocean T38,67.5,,"0,34.3",Black,240,3
ARCTIC Freezer A35 A-RGB,46.96,"200,1700",,Black,,3
EVGA CLCx 280,226.92,,35,Black,280,3
Thermaltake TH280 V2 Ultra ARGB Sync,158.99,"500,2000",34.7,Black,280,3
Cooler Master Hyper 212 LED,69.98,"600,1600","9,31",,,3
MSI MPG CORELIQUID K240 V2,99.99,,39.9,Black,240,12
Thermaltake ASTRIA 600 ARGB,64.99,"500,1800",26.8,White,,3
ID-COOLING SE-224-XTS,24.99,"600,1500",28.9,Black / Silver,,3
KOLINK Umbra Void,102.63,2200,30,Black,120,3
Enermax LIQMAX III 360 ARGB,165,"500,1600","14,27",White / Black,360,3
Antec VORTEX 240,226.99,"600,2000",31.24,Black,240,3
ARCTIC Freezer 8i,50.53,"200,2300",,Black / Silver,,3
Silverstone SST-XE01-1700A,40.76,"1000,5500",58.1,Black,,3
ARCTIC Liquid Freezer III Pro A-RGB,88.49,"400,2500",,Black,280,12
Jonsbo HX6200D,74.58,"700,1800","18.6,29.7",White,,3
ID-COOLING SL240,109.99,"500,2000",29.9,White,240,3
ID-COOLING DX360 MAX,69.98,,32.5,Black,360,3
TRYX PANORAMA,299.99,"500,2250",30.97,White,240,3
Silverstone VIDA 240 SLIM,145.87,"300,1800","15.9,33.9",Black,240,3
MSI MAG CORELIQUID I240,99.99,,,White,240,12
Asus Prime LC 360 ARGB LCD,124.99,"800,2500",36.5,White,360,3
Iceberg Thermal IceSLEET G6 Stealth,39.99,"600,1400",26,Black / Blue,,3
Thermaltake TH240 V2 Ultra ARGB Sync,164.95,"500,1800",25.8,Black,240,3
MSI MPG CORELIQUID K240,148,,"0,39.9",Black,240,12
Noctua NH-U12DXi4,94.95,"300,1500","18.6,22.4",,,3
Silverstone Hydrogon D120 ARGB V2,88.14,,"0,30.5",Black / Silver,,3
Aerocool Cylon 4,63.58,"800,1800","14,26",Black,,3
Thermaltake TOUGHAIR 110,34.99,"500,2000",23.6,Black / Silver,,3
Thermaltake Contac Silent 12,29.09,"400,1500","22.1,28.8",,,3
Thermaltake MAGFloe 420 Ultra ARGB Sync,259.99,"500,2000",34.5,Black,420,3
Thermaltake TH120 V2 ARGB Sync,79.98,"500,2000",25.8,White,120,3
ENDORFY Fortis 5 ARGB,50.5,"250,1400",,Black / Silver,,3
Cooler Master i70,19.98,1800,28,Black / Silver,,3
BitFenix Cube ARGB,59.9,2000,34,White,240,3
Thermaltake TOUGHLIQUID Ultra RGB,279.99,"500,2000",30.7,Black,420,15
ARCTIC Freezer 4U-M,108.46,"400,2300",40,Black / Silver,,3
Alpenföhn Brocken 4,102.25,"400,1600",22.8,Black,,3
Thermalright SI-100,28.29,2000,27.7,Gray / Silver,,3
Mars Gaming ML-ONE,71.18,"600,1800","9,26",Black,240,3
Jonsbo CR-1000 EVO ARGB White,50.73,"600,1500","22,32",White,,3
Zalman CNPS16X,24.98,"800,1500",27,Black,,3
Antec Symphony ARGB,176.27,"800,1600","20,35",Black,240,3
KOLINK Umbra EX180 Black Edition,52.91,"800,1800",28.6,Black,,3
PC Cooler RZ620,79.59,"500,2200","28,32",Black,,3
Vetroo V240,59.99,"800,1800",30.8,Pink,240,3
Thermalright Silver Soul 135,105,1850,29.6,Black,,3
Thermaltake TH360 V2 Ultra EX ARGB Sync,224.98,,,Black,360,3
PC Cooler RZ400 V2,19.98,"500,2200",32,White,,3
Thermaltake ASTRIA 400 ARGB,52.99,"500,1800",26.8,White,,3
Silverstone Krypton KR01,35.99,"800,3000",33,Black / Silver,,3
Phanteks Glacier One 360MPH,330,"500,2200","18,34.2",White,360,15
Alphacool Eisbaer Extreme,216.6,1000,18.8,Black,280,3
Enermax ETS-F40-FS,24.79,"300,1200","10,23",White,,3
Evercool HPL-815EP,25,"1000,4000","12,40",,,3
Thermaltake TH280 V2 Ultra ARGB Sync,174.99,"500,2000",34.7,White,280,3
Thermaltake MAGFloe 420 Ultra ARGB Sync,259.99,"500,2000",34.5,White,420,3
YEYIAN VATN ARGB 360,109.99,"800,2000","25,32",Black,360,3
Cougar Poseidon Elite ARGB 360,155.94,"500,2200",33.5,White,360,3
Cougar Poseidon Elite ARGB 240,144.31,"500,2200",33.5,White,240,3
iBuypower AW4,79.98,"700,2000",38,White,240,3
Alphacool Core Ocean T38,56,,"0,34.3",Black,120,3
Jonsbo CR-1000 EVO Color White,24.99,"600,1500","22,32",White,,3
Xilence A200,34.11,2200,32,Black / Silver,,3
Asus Prime LC 360 ARGB LCD,159.99,"800,2500",36.5,Black,360,3
Xilence A404T,30.16,"600,2200","14,21.8",Red / Black,,3
MSI MPG CORELIQUID D240,184.99,,,Black,240,12
NZXT Kraken X53 RGB,452.05,"500,1500","22,33",White / Black,240,12
Cooler Master Hyper 212 LED Turbo (Red),77.9,"300,1600","9,31",,,3
Cooler Master Elite,69.98,"600,2100",39.5,White,240,3
GAMDIAS BOREAS P1-720,44.99,"800,2000","10,31",Black,,3
iBuypower AW4,99.99,"700,2000",38,White,360,3
PC Cooler RZ620,49.99,"500,2200","28,32",White,,3
PC Cooler DS360,109.99,"500,2200",32,White,360,3
Iceberg Thermal IceSLEET X9 Dual TR,42.99,"500,1850","0,38",Teal / Silver,,3
ID-COOLING DX240 MAX,59.99,,32.5,Black,240,3
Silverstone AR12-TUF,40.84,"300,2200","6.2,34.4",Black / Orange,,3
Cooler Master MasterLiquid ML360 Mirror,272.41,"650,1800","8,27",Black,360,15
Asus ROG STRIX LC III ARGB,179.99,"800,2200",36,Black,240,3
Silverstone IceMyst 420,187.56,"400,1750","13.3,30.8",Silver / Black,420,3
Thermaltake ASTRIA 200 ARGB,44.98,"500,1800",26.8,White,,3
Gigabyte AORUS WATERFORCE 280,189.82,"950,2150","17.1,36.5",Black,280,3
Cougar Helor 360,321.44,"600,1800",37.1,Black,360,3
Noctua NH-D9DX i4 3U,70.71,"400,2000","16.3,22.8",,,3
Asus ROG RYUO 240 RGB,196.99,"800,2500",37,Black,240,3
Antec FrigusAir 400 RGB,139.09,"800,1600","20,36",Black / Silver,,3
ARCTIC Freezer 50 TR (w/ARGB Controller),181.94,"200,1800",23.5,Black,,3
Xilence I250PWM,43.1,"800,2500","17.6,26.4",Red / Black,,3
Geometric Future Eskimo Pro 36,79.9,2000,34.2,Black,360,3
Asus ROG STRIX LC III ARGB,152.99,"800,2200",36,White,240,3
Silverstone Krypton KR02,33.65,"800,2800","13.6,34.8",Black / Silver,,3
Alphacool Core Ocean T38,80.75,,"0,36",Black,280,3
Jonsbo CR-1000 V2 Color,54.1,"600,1500","22,32",Black / Silver,,3
ENDORFY Navis F280 ARGB,134.72,"250,1800",,Black,280,3
Jonsbo CR-1000 EVO Color Black,29.5,"600,1500","22,32",Black,,3
Xilence LQ240,91.69,"700,1600","18,32.5",Red / Black,240,3
Alpenföhn BEN NEVIS,46.61,"400,1600","8,20.2",,,3
KOLINK Umbra Void,152.82,2200,30,Black,360,3
Asus ROG STRIX LC 120 RGB,311,"800,2500",37.6,Black,120,3
be quiet! Silent Loop 2 120,284.17,2200,"16.6,36.4",Black,120,3
Mars Gaming MCPU-XT,66.36,"800,1600","9,26",Black,,3
Xilence LQ240PRO,119.21,"500,1500","22,24",Black,240,3
Thermaltake MAGFloe 360 Ultra ARGB Sync,239.99,"500,2000",30.6,White,360,3
Cooler Master MasterLiquid LC240E RGB,72,"650,1800",31.5,Black,240,12
ARCTIC Freezer A35 RGB,39.65,"200,1700",,Black,,3
Cooler Master MasterAir MA620M,150.9,"650,2000","8,30",Black,,3
Intel BXTS13X,134.02,"800,2200","21,35",,120,3
ARCTIC Alpine AM4 CO,20.34,"100,2700",,Black,,3
Iceberg Thermal IceSLEET X7 Dual,37.99,"500,1850","0,38",Teal / Silver,,3
Ocypus Iota L24,83.99,"500,2000",29,White,240,3
GAMDIAS CHIONE E4,94.99,"800,1800","11,33.8",Black,360,3
Thermaltake Floe DX RGB 280 TT Premium Edition,97.84,"500,1400","19.8,26.2",Black / Gray,280,3
GAMDIAS CHIONE E4,94.99,"800,1800","11,33.8",White,360,3
Cooler Master MasterAIR G200P,84.99,"800,2000","6,28",Black / Silver,,3
FSP Group MP7 ARGB,54.99,"800,1800",32,Black / Silver,,3
Asus ROG STRIX LC 240 RGB,169.99,"800,2500",37.6,Black,240,3
StarTech FAN1156PWM,23.99,"1000,3000",33,,,3
Geometric Future Eskimo Junior 36,69.9,2000,29,White,360,3
Dynatron K129,44.95,,0,Orange,,3
Enermax LIQMAXFLO 360,161.12,"500,1800",23.46,Black,360,3
Ocypus Delta A62 ARGB,49.99,"500,2000",29,Black,,3
Noctua NH-U12S TR4-SP3,99.95,"300,1500","18.6,22.4",,,3
Thermaltake TH420 ARGB Sync,213.87,"500,1800",34.7,Black,420,3
Alphacool Eisbaer LT360,124.75,"550,1700",29,Black,360,3
ID-COOLING IS-40X,24.99,"600,2500","14,33",Black / White,,3
PC Cooler RZ620,79.59,"500,2200","28,32",Black / Silver,,3
Asus ROG RYUO 120 RGB,239,"800,2500",37,Black,120,3
MSI Core Frozr XL,136.64,"500,1800","17.2,33.6",Black / Red,,3
Alpenföhn Glacier Water 360 High Speed,305.88,"500,2200",36.8,Black,360,3
Cooler Master MasterLiquid ML360 Sub-Zero EVO,656.42,,30,Black,360,15
Iceberg Thermal IceSLEET X5,29.99,"500,1850","0,36",Teal / Silver,,3
Xilence LQ360,141.79,"700,1600","18,35.2",Red / Black,360,3
Geometric Future Eskimo Pro 36,64.9,2000,34.2,White,360,3
Alphacool Eisbaer LT240,113.5,"550,1700",29,Black,240,3
SilenX EFZ-92HA2,18.76,2400,"8,24",,,3
Jonsbo HX6250,95.83,"400,1800","28,38",Black,,3
Zalman CNPS9X Performa ARGB,32.99,"700,1800",28,White,,3
Alphacool Eisbaer Pro Aurora,259.99,,31.5,Black,360,3
CRYORIG C7 Cu,104,"600,2500",30,White / Orange,,3
ARCTIC Freezer 50 (w/Controller),97.99,"200,1800",,Black,,3
Akasa Vegas Chroma AM,33.21,"500,1800",32.5,Black,,3
ARCTIC Liquid Freezer II 420 RGB,295.58,"200,1900",22.5,Black,420,15
Azza CUBE 240,79.98,"500,2000",34,Black,240,3
Alphacool Eisbaer 240,119.5,"550,1700",29,Black,240,3
Thermaltake TH120 ARGB Sync,99.35,1500,28.2,Black,120,3
ARCTIC Liquid Freezer II 280 RGB,225.52,"200,1900",22.5,Black,280,12
Alpenföhn Brocken 4 Max,125.91,"400,1800","22.8,24.7",Black,,3
Silverstone NovaPeak 360,118.35,"600,2200",35.1,Black,360,3
Enermax LIQMAXFLO SR 120,95.27,"500,1800",23.46,Black,120,3
StarTech FAN775E,23.75,2600,22.2,,,3
Silverstone VIDA 120 SLIM,109.09,"300,1800","15.9,33.9",Black,120,3
Iceberg Thermal IceSLEET X6,31.99,"500,1850","0,36",Teal / Silver,,3
Cougar FORZA 85,69.98,"600,2000",34.5,Black,,3
Thermaltake CLP0556,19.98,"1900,2300",22,,,3
Thermaltake TOUGHLIQUID Ultra,199.99,"500,2500",28.1,Black,240,12
GAMDIAS CHIONE M3,102.17,"800,2000",,White,240,3
Thermaltake Floe DX RGB TT Premium Edition B,96.36,"500,1500","19,23.9",Black,360,3
Silverstone NT07-115X,36.99,"1500,3600","21.9,34.7",Silver / Black,,3
Asus ROG STRIX LC 240 RGB White Edition,184.99,"800,2500",37.6,White,240,3
Enermax LIQMAXFLO 240,74.48,"500,1800",23.46,Black,240,3
Cooler Master MasterAir MA610P ARGB,124.9,"650,1800","8,27",,,3
Xilence M705D,70.16,"700,1600","18,32.5",Black,,3
Silverstone IceMyst 240,107.99,"500,2200","12.1,33.1",Silver / Black,240,3
Thermaltake TOUGHLIQUID Ultra,204.98,"500,2000",33.2,Black,280,12
Cougar FORZA 135,89.99,"500,1500",38.5,Black / Silver,,3
Thermaltake TOUGHAIR 510,57.3,"500,1200",23.6,Green,,3
Cooler Master Elite,79.99,"600,2100",39.5,White,360,3
Jonsbo CR-2000GT RGB,73.06,"700,1500","18.1,29.5",Black,,3
Silverstone NovaPeak 240 ARGB,63.89,"500,2200","12.1,33.1",Black,240,3
ARCTIC Freezer 8i CO,51.81,"200,2300",,Black / Silver,,3
Antec A40PRO,61.79,"800,2200","16,23",,,3
Dynatron R24,42.95,"1500,7000","16,47.5",,,3
Iceberg Thermal IceSLEET G3,17.99,"600,1200",20.5,Black / Gray,,3
Silverstone IceMyst 280,114.1,"400,1750","13.3,30.8",Silver / Black,280,3
Sunbeam CR-CCTF,19.22,"1000,2000","16,20",,,3
Cooler Master MASTERLIQUID PL240 FLUX,248.03,,32,White,240,12
Thermaltake TOUGHLIQUID ARGB,124.98,"500,2000",22.3,Teal,240,12
Alphacool Eisbaer 360,139.95,"550,1700",29,Black,360,3
Cooler Master Hyper 212 Plus,137.41,"600,2000","13,32",,,3
ARCTIC Freezer i35 CO,43.51,"200,1800",,Black / Silver,,3
ARCTIC Freezer A35,84.02,"200,1800",,Black / White,,3
ADATA XPG LEVANTE 360,160.79,"600,2000",34,Black,360,3
RAIJINTEK LETO RGB,28.75,"800,1800",25,Black / Silver,,12
Thermaltake TOUGHLIQUID Ultra RGB,234.98,"500,2000",30.7,Black,280,12
Asus ROG Strix LC 360,239.99,"800,2500",37.6,Black,360,3
Dynatron A49,52.99,"800,1800","10.8,21.3",Silver,,3
Silverstone AR12 RGB,38.42,"700,2200","9,29",Silver / Black,,3
Thermaltake TH420 ARGB Sync,138.59,"500,1800",34.7,White,420,3
be quiet! Shadow Rock TF 2,112.58,1400,"11.9,24.4",Silver / Black,,3
Thermaltake UX 210 ARGB,46.19,"600,2000",34.3,Black / Silver,,3
Thermaltake Floe Riing RGB 360 TT Premium Edition,159.81,"500,1400","19.8,24.7",,360,3
GAMDIAS CHIONE M2,69.98,"800,1800",,Black,240,3
Silverstone Hydrogon D120 ARGB,102.47,,"0,30.5",Black / Silver,,3
Thermaltake Floe Riing RGB 240 TT Premium Edition,104.98,"500,1400","19.8,24.7",,240,3
Cooler Master MasterAir MA410M,102,"650,1800","6,31",Black,,3
Thermaltake TOUGHAIR 710,84.99,"300,1400","18.5,23.9",Gray,,3
ARCTIC Liquid Freezer II 280 RGB,266.94,"200,1900",22.5,Black,280,12
Alpenföhn Glacier Water High Speed 360,206.33,"500,2200",36.8,White,360,3
Thermaltake UX200 ARGB,28.99,"300,1500",26.33,Black,,3
Thermaltake TH240 V2 Ultra EX ARGB Sync,194.98,,,Black,240,3
GAMDIAS CHIONE E4,84.99,"800,1800","11,33.8",Black,240,3
Zalman CNPS9500A-LED,34.99,"1350,2600","18,27.5",,,3
ARCTIC Freezer i35 RGB,33.26,"200,1700",,Black,,3
Silverstone NovaPeak 360 ARGB,125.51,"500,2200","12.1,33.1",Black,360,3
Zalman CNPS20X,28.99,"800,1500",29,Black / Silver,,3
Ocypus Delta A62 ARGB,49.99,"500,2000",29,Black,,3
Silverstone NovaPeak 240,93.27,"600,2200",35.1,Black,240,3
Iceberg Thermal IceSLEET G4 OC,24.99,"600,1400",22.5,Black / Teal,,3
Xilence M403PRO.ARGB,38,"500,1800","14.2,25.6",Black / Silver,,3
Thermaltake Floe DX RGB 240 TT Premium Edition,189.99,"500,1500","19,23.9",Black / Gray,240,3
Silverstone NT09-115X,25.52,"550,2500","18.5,32",,,3
Alpenföhn Glacier Water High Speed 240,187.99,"500,2200",36.8,White,240,3
Xilence M704PRO.ARGB,57.95,"800,1800","18,32.2",,,3
Alphacool Eisbaer Aurora 360,239.99,"800,2000",,Black,360,3
ARCTIC Freezer i13 X,29.99,"300,2000",,Black / White,,3
Xilence LQ360.ARGB,140.67,"900,1850","18,28",Black,360,3
Iceberg Thermal IceSLEET G4 Silent,19.99,"600,1200",20.5,Black / Gray,,3
Xilence M504D,100,"600,2200","14,21.8",Red / Black,,3
Thermalright Silver Arrow 130,179.39,"600,1500","19,23",Silver,,3
Thermaltake Water 3.0 Riing RGB 280,149.99,"300,1500","18.5,26.4",Black / Red,280,3
Cooler Master CHD-00008-01-GP,24.99,2200,22,,,3
Xilence M906,77.08,"500,1500","18,30.8",Black,,3
Scythe Kotetsu Mark II,121.13,"300,1200","4,24.9",,,3
Silverstone IceGem 280,177.29,"600,1600","9.8,23.4",Black,280,3
RAIJINTEK Orcus 140 RGW,108.93,"400,1800",28,Black,140,12
Thermaltake CLP0556-B,19.98,"1900,2300",22,,,3
GAMDIAS CHIONE E4,84.99,"800,1800","11,33.8",White,240,3
Xilence M403PRO,41.13,"500,1800","14.2,25.6",Red / Black,,3
Silverstone NT07-AM2,18.25,"1500,2500","15,25",,,3
Alphacool Eisbaer Aurora 280,154.45,"600,1500",,Black,280,3
Silverstone IceGem 360,265.95,"600,2200","7.3,36.6",Black,360,3
Xilence I404T,30.8,"600,2200","14,21.8",Red / Black,,3
Alpenföhn Silvretta,35.47,"800,2800",,,,3
Akasa Nero 3,130.19,"500,1500",24.6,Black / Silver,,3
SilenX EFZ-92HA3,32.11,2000,"8,24",,,3
Alphacool Eisbaer Aurora 240,137.35,"800,2000",,Black,240,3
Alpenföhn Dolomit Premium,90.17,"500,1600",23.5,Black,,3
Silverstone AR06,51.35,2500,"20,28.3",,,3
ARCTIC Freezer i32,67,,,,,3
Thermaltake Riing Silent 12 Red,49.98,"300,1400","13,18",,,3
Dynatron T318,46.95,,0,,,3
ARCTIC Freezer i35,84.11,"200,1800",,Black / White,,3
Akasa SOHO 360 Dusk,256.2,"500,2000","14.5,31.8",Black,360,3
Cooler Master DK9-7E52A-0L-GP,59.99,3200,25.17,,,3
Cougar Helor 240,277.7,"600,1800",37.1,Black,240,3
Thermaltake Riing Silent 12 RGB Sync Edition,49.48,"300,1500","13,22",Black,,3
ARCTIC Freezer 33 CO,49,,22.5,,,3
ARCTIC Freezer A35 CO,76.06,"200,1800",,Black / Silver,,3
Dynatron R25,44.95,"1000,7000","21.5,59.14",,,3
In Win Nebula NR36,149,"400,1800",25,Black / White,360,3
Thermaltake TOUGHLIQUID ARGB,162.01,"500,2000",33.2,Black,280,12
Iceberg Thermal IceSLEET G4 Midnight Limited Edition,29.99,"600,1400",22.5,Black,,3
Dynatron Q12,39.95,,"16,35.98",,,3
Iceberg Thermal IceSLEET G4 OC,29.99,"600,1400",22.5,Teal / Silver,,3
Alpenföhn Glacier Water 240 High Speed,200.64,"500,2200",36.8,Black,240,3
Alphacool Eisbaer Pro Aurora,186.75,,31.5,Black,280,3
Geometric Future Eskimo Junior 24,99.9,2000,29,Black,240,3
Akasa Vegas Chroma LG,42.13,"500,1800",32.5,Black,,3
Cougar FORZA 85 ESSENTIAL,59.99,"600,2000",34.5,Black,,3
Thermaltake CLP0587,74.98,"1200,1800",39,,,3
Titan TTC-NC85TZ(RB),48.89,"210,2100",28.8,,,3
Silverstone Argon AR09-115XP,36.99,"1200,5000","18.02,42.5",,,3
RAIJINTEK Orcus 280 RGW,69.99,"400,1800",28,Black,280,12
Dynatron R15,48.95,,,,,3
Thermaltake Frio Silent 14,35.74,"700,1200","12,19.3",,,3
Xilence LQ120,74.81,"700,1600","18,32.5",Red / Black,120,3
Dynatron R14,48.95,"1500,7000","16,47.5",,,3
Thermaltake Floe Riing RGB 280 TT Premium Edition,131.96,"500,1400","19.8,27.2",,280,3
Thermaltake Floe DX RGB TT Premium Edition B,189.99,"500,1500","19,23.9",Black,240,3
Dynatron K5,29.13,"1000,2500","14.7,29.8",,,3
SilenX EFZ-100HA2,24.48,2400,"8,24",,,3
Evercool HPFI-10025,18,1800,23,,,3
Silverstone NT07-115X,33.74,"1200,3400","18,26",,,3
Dynatron R8,42.95,,,,,3
Silverstone Argon AR10-115XP,61.21,"500,4000","18.07,39.03",,,3
Evercool EC-NK804A-925EP,17,2750,28.2,,,3
Dynatron R27,47.95,"1000,3800","16,43.4",,,3
Thermalright Macho Direct,97,"300,1300","15,21",,,3
Silverstone IceGem 240P,222.82,"600,2200","7.3,36.6",Black,240,3
Dynatron R13,43.95,"1100,6000","19.1,53.8",,,3
Alpenföhn Glacier Water 280,205.47,"500,2000",36.4,Black,280,3
Enermax Aquafusion 240,94.97,"500,2000","17,32.6",Black,240,3
Dynatron T459,28.99,,,,,3
In Win SR24,112,"500,2500",23,Black,240,3
Alphacool Eisbaer Pro Aurora,172.5,,31.5,Black,240,3
Antec KUHLER H2O 950,59.13,,,,120,3
Silverstone Argon AR09-115XS,39.61,"1200,5000","18.02,42.5",,,3
Silverstone AR11,46.83,"1200,3000","19.3,44.5",Black / Silver,,3
Rosewill RCX-ZAIO-92,39.95,"600,2500","14.5,25",,,12
RAIJINTEK THEMIS,48.36,"1000,1500",24.53,,,12
Gelid Solutions Rev. 2 Tranquillo,44.96,"750,1500","12,25.5",,,3
In Win SR36,130,"500,2500",23,Black,360,3
Dynatron R9,39.95,"1000,4500","13.14,45.9",,,3
Dynatron K199,39,"1000,5000","20.71,51.7",,,3
Silverstone NT06-PRO-V2,80.34,"1000,2200",,Silver / Black,,3
Cooler Master RR-LEE-L911-GP,29.99,2200,17,,,3
Dynatron K17,43,"1000,2500","17,31.92",,,3
Silverstone AR05,50.69,2500,"20,28.3",,,3
In Win BR36,127,"400,1800",35.5,Black / White,360,3
RAIJINTEK THEMIS Evo,51.97,"1000,1500",24.53,,,12
FSP Group Windale 4,38.1,"600,1600",32,Black / Silver,,3
Zalman CNPS17X,20,"800,1500",29,Black / Silver,,3
Thermaltake TOUGHAIR 510,59.99,"500,1200",23.6,Teal,,3
Thermaltake CLP0552,29.98,"800,1700",22,,,3
Akasa Nero 3,118.68,"500,1500",24.6,,,3
Silverstone AR08,45.63,"1500,2800","14.1,27.7",Blue / Silver,,3
In Win SR36 PRO,142.34,"500,2500",23,Black,360,3
Geometric Future Prawn,70.59,2000,29.8,Black / Silver,,3
Thermaltake A4021,46.78,2200,18,,,3
ARCTIC Freezer A11,68,"500,2000",22.5,,,3
In Win BR24,106.23,"400,1800",35.5,Black / White,240,3
