name,price,socket,form_factor,max_memory,memory_slots,color,ddr_type,consumo
Asus PRIME B650-PLUS WIFI,159.99,AM5,ATX,192,4,Black / Silver,DDR5,40
MSI B650 GAMING PLUS WIFI,169.99,AM5,ATX,192,4,Black,DDR5,40
MSI MAG B650 TOMAHAWK WIFI,189.42,AM5,ATX,256,4,Black,DDR5,40
Gigabyte X870E AORUS ELITE WIFI7,325.31,AM5,ATX,256,4,Black,DDR5,40
Asus PRIME B550M-A WIFI II,99.99,AM4,Micro ATX,128,4,Blue / Silver,DDR4,40
Gigabyte B650 EAGLE AX,157.99,AM5,ATX,192,4,Gray / Black,DDR5,40
Asus TUF GAMING B850-PLUS WIFI,217.99,AM5,ATX,192,4,Black / Silver,DDR5,40
ASRock B650M Pro RS WiFi,139.99,AM5,Micro ATX,256,4,Black / Silver,DDR5,40
MSI MAG X870 TOMAHAWK WIFI,269.99,AM5,ATX,256,4,Black,DDR5,40
Gigabyte A520M K V2,68.47,AM4,Micro ATX,64,2,Brown / Black,DDR4,40
Asus B650E MAX GAMING WIFI W,149.99,AM5,ATX,256,4,White,DDR5,40
MSI PRO B650-S WIFI,135.99,AM5,ATX,192,4,Black,DDR5,40
Gigabyte B550M K,99.99,AM4,Micro ATX,128,4,Brown / Silver,DDR4,40
ASRock B850I Lightning WiFi,253.44,AM5,Mini ITX,128,2,Black,DDR5,40
MSI B760 GAMING PLUS WIFI,169.99,LGA1700,ATX,192,4,Black / Silver,DDR5,70
MSI PRO B550M-VC WIFI,99.99,AM4,Micro ATX,128,4,Black,DDR4,40
MSI PRO Z790-A MAX WIFI,220,LGA1700,ATX,192,4,Silver / Black,DDR5,70
Asus TUF GAMING B650-PLUS WIFI,159.99,AM5,ATX,128,4,Black,DDR5,40
Gigabyte X870 EAGLE WIFI7,229.99,AM5,ATX,256,4,Black,DDR5,40
Gigabyte X870 AORUS ELITE WIFI7 ICE,299.99,AM5,ATX,256,4,White,DDR5,40
MSI B550M PRO-VDH WIFI,109.99,AM4,Micro ATX,128,4,Black,DDR4,40
Asus ROG STRIX X870E-E GAMING WIFI,478.01,AM5,ATX,192,4,Black,DDR5,40
ASRock B850M-X WiFi R2.0,129.99,AM5,Micro ATX,128,2,Black / White,DDR5,40
Gigabyte B850 EAGLE WIFI6E,179.99,AM5,ATX,256,4,Gray / Black,DDR5,40
MSI MAG B850 TOMAHAWK MAX WIFI,219.99,AM5,ATX,256,4,Black / Green,DDR5,40
Gigabyte B760M GAMING PLUS WIFI DDR4,139.49,LGA1700,Micro ATX,128,4,Black / Silver,DDR5,70
Asus ROG STRIX B650-A GAMING WIFI,164.95,AM5,ATX,192,4,Black / Silver,DDR5,40
Gigabyte B650M GAMING PLUS WIFI,159.94,AM5,Micro ATX,192,4,Silver / Black,DDR5,40
MSI MAG B550 TOMAHAWK MAX WIFI,169.99,AM4,ATX,128,4,Silver / Black,DDR4,40
Gigabyte B850 AORUS ELITE WIFI7,232.67,AM5,ATX,256,4,Black,DDR5,40
Gigabyte B650 GAMING X AX V2,184.49,AM5,ATX,192,4,Gray / Black,DDR5,40
Asus ROG STRIX X870-A GAMING WIFI,318.99,AM5,ATX,192,4,White,DDR5,40
ASRock A620I LIGHTNING WIFI,159.99,AM5,Mini ITX,96,2,Black,DDR5,40
Asus TUF GAMING B550-PLUS WIFI II,148.99,AM4,ATX,128,4,Black / Gray,DDR4,40
Asus TUF GAMING B650-E WIFI,199.99,AM5,ATX,192,4,Black / Orange,DDR5,40
Gigabyte Z790 EAGLE AX,169.99,LGA1700,ATX,192,4,Gray / Black,DDR5,70
MSI B450M-A PRO MAX II,97.09,AM4,Micro ATX,64,2,Black,DDR4,40
MSI PRO B650M-P,149.99,AM5,Micro ATX,192,4,Black / Silver,DDR5,40
ASRock B450M/ac R2.0,74.99,AM4,Micro ATX,128,4,Black / Silver,DDR4,40
Asus TUF GAMING B850M-PLUS WIFI,219.99,AM5,Micro ATX,192,4,Black,DDR5,40
ASRock B450M-HDV R4.0,69.98,AM4,Micro ATX,64,2,Black / White,DDR4,40
Gigabyte B850 AORUS ELITE WIFI7 ICE,239.99,AM5,ATX,256,4,White / Silver,DDR5,40
MSI PRO B760M-P DDR4,99.99,LGA1700,Micro ATX,128,4,Black,DDR5,70
Asus ROG STRIX B550-F GAMING WIFI II,169.99,AM4,ATX,128,4,Black / Red,DDR4,40
Gigabyte B850M GAMING X WIFI6E,159.99,AM5,Micro ATX,256,4,Black,DDR5,40
Asus ROG CROSSHAIR X870E HERO,649.99,AM5,ATX,192,4,Black,DDR5,40
Gigabyte A520I AC,99.99,AM4,Mini ITX,64,2,Black,DDR4,40
Gigabyte B550M AORUS ELITE AX,149.99,AM4,Micro ATX,128,4,Black / Silver,DDR4,40
ASRock B850M Pro-A WiFi,140.98,AM5,Micro ATX,256,4,Black,DDR5,40
ASRock B650M PG Lightning Wifi,191.66,AM5,Micro ATX,256,4,Silver / Black,DDR5,40
MSI MPG B550 GAMING PLUS,104.99,AM4,ATX,128,4,Black,DDR4,40
MSI A520M-A PRO,67.62,AM4,Micro ATX,64,2,Black,DDR4,40
MSI PRO B650M-A WIFI,145.99,AM5,Micro ATX,192,4,Black,DDR5,40
Asus ROG STRIX B650E-F GAMING WIFI,254.25,AM5,ATX,192,4,Black,DDR5,40
Asus ROG STRIX B850-A GAMING WIFI,239,AM5,ATX,192,4,White,DDR5,40
ASRock B550M Pro4,99.99,AM4,Micro ATX,128,4,Silver / Black,DDR4,40
MSI MAG X670E TOMAHAWK WIFI,248.71,AM5,ATX,192,4,Black,DDR5,40
Asus ROG STRIX B850-I GAMING WIFI,299.99,AM5,Mini ITX,96,2,Black,DDR5,40
Asus ROG STRIX B650E-I GAMING WIFI,219.95,AM5,Mini ITX,96,2,Black,DDR5,40
MSI MPG X870E CARBON WIFI,499.99,AM5,ATX,256,4,Black,DDR5,40
Gigabyte B850 GAMING WIFI6,179.99,AM5,ATX,256,4,Black / Gray,DDR5,40
MSI B850 GAMING PLUS WIFI,199.99,AM5,ATX,256,4,Silver / Black,DDR5,40
Asus TUF GAMING X870-PLUS WIFI,266.99,AM5,ATX,192,4,Black,DDR5,40
Gigabyte Z790 AORUS ELITE AX,184.99,LGA1700,ATX,192,4,Black,DDR5,70
MSI B550-A PRO,125.99,AM4,ATX,128,4,Black / Silver,DDR4,40
Asus ROG CROSSHAIR X870E EXTREME,999.99,AM5,EATX,256,4,Black / Silver,DDR5,60
ASRock B850M Pro RS WiFi,149.99,AM5,Micro ATX,256,4,Silver / Black,DDR5,40
Asus TUF GAMING Z790-PLUS WIFI,219.99,LGA1700,ATX,192,4,Black / Gray,DDR5,70
Gigabyte X870E AORUS PRO ICE,329.99,AM5,ATX,256,4,White,DDR5,40
Gigabyte B650 AORUS ELITE AX,185.99,AM5,ATX,192,4,Black / Silver,DDR5,40
Gigabyte A620I AX,138,AM5,Mini ITX,96,2,Black / Gray,DDR5,40
Gigabyte X870I AORUS PRO ICE,284.99,AM5,Mini ITX,128,2,White,DDR5,40
MSI B650M GAMING PLUS WIFI,219.51,AM5,Micro ATX,192,4,Silver / Black,DDR5,40
Asus ROG STRIX B850-F GAMING WIFI,269.18,AM5,ATX,192,4,Black,DDR5,40
ASRock X870 Pro RS,179.99,AM5,ATX,256,4,White,DDR5,40
MSI PRO A620M-E,154.9,AM5,Micro ATX,96,2,Black,DDR5,40
Asus TUF GAMING B650E-PLUS WIFI,189.99,AM5,ATX,256,4,Black / Silver,DDR5,40
Gigabyte B850 GAMING X WIFI6E,197.99,AM5,ATX,256,4,Gray / Black,DDR5,40
Gigabyte B550 GAMING X V2,129.99,AM4,ATX,128,4,Black,DDR4,40
ASRock B650M-HDV/M.2,138.63,AM5,Micro ATX,96,2,Silver / Black,DDR5,40
Asus Z790 GAMING WIFI7,179.99,LGA1700,ATX,192,4,Silver / Black,DDR5,70
MSI MAG X870E TOMAHAWK WIFI,309.99,AM5,ATX,256,4,Black / Green,DDR5,40
Gigabyte B550 EAGLE WIFI6,129.99,AM4,ATX,128,4,Black,DDR4,40
MSI PRO H610M-G DDR4,93.99,LGA1700,Micro ATX,64,2,Black / Silver,DDR4,70
MSI MEG X870E GODLIKE,999.99,AM5,EATX,256,4,Black,DDR5,60
ASRock X870 Pro RS WiFi,240.99,AM5,ATX,256,4,White,DDR5,40
Gigabyte B850M AORUS ELITE WIFI6E ICE,199.99,AM5,Micro ATX,256,4,White / Silver,DDR5,40
ASRock B760M-HDV/M.2,119.32,LGA1700,Micro ATX,96,2,White / Black,DDR5,70
Gigabyte TRX40 DESIGNARE,1449,sTRX4,XL ATX,256,8,Black / Silver,DDR4,80
ASRock A520M-HDV,62.99,AM4,Micro ATX,64,2,Black / Silver,DDR4,40
ASRock B550 Phantom Gaming 4/ac,99.99,AM4,ATX,128,4,Silver / Black,DDR4,40
Gigabyte X870 AORUS ELITE WIFI7,262,AM5,ATX,256,4,Black,DDR5,40
Asus ROG STRIX B760-I GAMING WIFI,209.95,LGA1700,Mini ITX,96,2,Black,DDR5,70
Gigabyte X870 GAMING WIFI6,189.99,AM5,ATX,256,4,Black / Gray,DDR5,40
ASRock A620M-HDV/M.2,129.14,AM5,Micro ATX,96,2,Gray / Black,DDR5,40
MSI MAG Z890 TOMAHAWK WIFI,239.99,LGA1851,ATX,256,4,Black / Yellow,DDR5,70
Asus ProArt X870E-CREATOR WIFI,517.99,AM5,ATX,256,4,Black / Gold,DDR5,40
ASRock B650 PG LIGHTNING,129.99,AM5,ATX,256,4,Black,DDR5,40
MSI MAG B550 TOMAHAWK,139.99,AM4,ATX,128,4,Black / Silver,DDR4,40
MSI MAG B760 TOMAHAWK WIFI,164.99,LGA1700,ATX,192,4,Black,DDR5,70
Gigabyte B550 UD AC,119.99,AM4,ATX,128,4,Brown / Black,DDR4,40
Gigabyte B650M D3HP AX,139.99,AM5,Micro ATX,192,4,Black / Gray,DDR5,40
Asus PRIME B650M-A AX II,168.99,AM5,Micro ATX,192,4,Black / Silver,DDR5,40
ASRock B650I Lightning Wifi,199.99,AM5,Mini ITX,96,2,Black,DDR5,40
ASRock X870E Taichi,468.95,AM5,EATX,256,4,Black,DDR5,60
MSI MPG X870E EDGE TI WIFI,289.99,AM5,ATX,256,4,Silver / White,DDR5,40
ASRock Phantom Gaming X870E Nova WiFi,299.99,AM5,ATX,256,4,Black / Purple,DDR5,40
MSI PRO X870E-P WIFI,244.94,AM5,ATX,256,4,Black / Silver,DDR5,40
MSI PRO B850-P WIFI,199.99,AM5,ATX,256,4,Silver / Black,DDR5,40
Gigabyte B760M DS3H AX,129.99,LGA1700,Micro ATX,192,4,Black,DDR5,70
ASRock B850 Riptide WiFi,199.99,AM5,ATX,256,4,Black,DDR5,40
MSI B840 GAMING PLUS WIFI,149.99,AM5,ATX,256,4,Silver / Black,DDR5,40
ASRock B650M Pro RS,220.07,AM5,Micro ATX,256,4,Black / Silver,DDR5,40
Asus TUF GAMING A520M-PLUS WIFI,110.46,AM4,Micro ATX,128,4,Black / Orange,DDR4,40
ASRock B760M PG Riptide Wifi,119.99,LGA1700,Micro ATX,192,4,Black,DDR5,70
ASRock B650 Steel Legend WiFi,280.35,AM5,ATX,256,4,White / Silver,DDR5,40
Gigabyte B650 AORUS ELITE AX ICE,199.74,AM5,ATX,192,4,Silver,DDR5,40
MSI X670E GAMING PLUS WIFI,189.99,AM5,ATX,192,4,Silver / Black,DDR5,40
Gigabyte B650 AORUS ELITE AX V2,199.99,AM5,ATX,192,4,Black / Silver,DDR5,40
Asus ROG STRIX X870-I GAMING WIFI,448.99,AM5,Mini ITX,128,2,Black,DDR5,40
Asus ROG STRIX Z790-A GAMING WIFI II,590,LGA1700,ATX,192,4,Black / Silver,DDR5,70
MSI PRO Z790-P WIFI,179.99,LGA1700,ATX,192,4,Black / Silver,DDR5,70
ASRock B760 Pro RS/D4,154.05,LGA1700,ATX,128,4,Silver / Black,DDR5,70
ASRock B850M Steel Legend WiFi,179.99,AM5,Micro ATX,256,4,Silver / Black,DDR5,40
Asus TUF GAMING B650M-PLUS WIFI,259,AM5,Micro ATX,192,4,Black,DDR5,40
MSI B760M GAMING PLUS WIFI,252.19,LGA1700,Micro ATX,192,4,Black / Silver,DDR5,70
Gigabyte B550M DS3H AC,99.99,AM4,Micro ATX,128,4,Black,DDR4,40
Gigabyte B650M GAMING WIFI6E,177.17,AM5,Micro ATX,128,2,Silver / Black,DDR5,40
MSI PRO B760-P WIFI DDR4,159.95,LGA1700,ATX,128,4,Black,DDR5,70
Gigabyte B650 EAGLE,212.19,AM5,ATX,192,4,Black / Gray,DDR5,40
MSI X870 GAMING PLUS WIFI,249.99,AM5,ATX,256,4,Black / White,DDR5,40
Asus TUF GAMING B760-PLUS WIFI,159.99,LGA1700,ATX,192,4,Black,DDR5,70
ASRock Z790 PRO RS WIFI,229.68,LGA1700,ATX,192,4,Silver / Black,DDR5,70
Gigabyte A520M S2H,72.98,AM4,Micro ATX,64,2,Black,DDR4,40
Asus Prime B450M-A II,140,AM4,Micro ATX,128,4,,DDR4,40
Gigabyte B850I AORUS PRO,259.99,AM5,Mini ITX,128,2,,DDR5,40
Gigabyte A520M DS3H V2,101.9,AM4,Micro ATX,128,4,Gray / Brown,DDR4,40
MSI B550 GAMING GEN3,124.58,AM4,ATX,128,4,Black,DDR4,40
MSI MAG B850M MORTAR WIFI,239.99,AM5,Micro ATX,256,4,Black / Green,DDR5,40
Gigabyte B550 AORUS ELITE AX V2,149.99,AM4,ATX,128,4,Black / Silver,DDR4,40
ASRock B850 Steel Legend WiFi,209.99,AM5,ATX,256,4,White / Black,DDR5,40
MSI MPG B650I EDGE WIFI,289.99,AM5,Mini ITX,128,2,Black / Silver,DDR5,40
MSI MAG Z790 TOMAHAWK WIFI,189.99,LGA1700,ATX,192,4,Black,DDR5,70
Gigabyte B550I AORUS PRO AX,189.99,AM4,Mini ITX,64,2,Black / Silver,DDR4,40
Asus ROG STRIX B860-I GAMING WIFI,219.99,LGA1851,Mini ITX,128,2,Black / Silver,DDR5,70
ASRock H370M-HDV,74.98,LGA1151,Micro ATX,64,2,Black / Silver,DDR4/DDR5,40
Asus ROG STRIX B550-A GAMING,241.13,AM4,ATX,128,4,Black / White,DDR4,40
NZXT N7 B650E,260.88,AM5,ATX,128,4,White,DDR5,40
Gigabyte X870E AORUS PRO,349.99,AM5,ATX,256,4,Black,DDR5,40
MSI Z790 GAMING PLUS WIFI,169.99,LGA1700,ATX,192,4,Black,DDR5,70
MSI MPG B850I EDGE TI WIFI,249.99,AM5,Mini ITX,128,2,Silver,DDR5,40
ASRock B650 PRO RS,147.02,AM5,ATX,256,4,Black / Silver,DDR5,40
Gigabyte B650E AORUS ELITE X AX ICE,209,AM5,ATX,192,4,Silver / White,DDR5,40
MSI PRO B840-P WIFI,159.99,AM5,ATX,256,4,Silver,DDR5,40
ASRock B550M-ITX/ac,99.99,AM4,Mini ITX,64,2,Silver / Black,DDR4,40
Gigabyte X870E AORUS MASTER,499.99,AM5,ATX,256,4,Black,DDR5,40
ASRock B850 Pro-A,139.99,AM5,ATX,256,4,Black / Silver,DDR5,40
ASRock B760M-H2/M.2,153.88,LGA1700,Micro ATX,96,2,Black / Silver,DDR5,70
Asus ROG STRIX B850-E GAMING WIFI,339,AM5,ATX,256,4,Black,DDR5,40
MSI MAG B650M MORTAR WIFI,198.99,AM5,Micro ATX,192,4,Black,DDR5,40
ASRock B650M Pro X3D WiFi,139.99,AM5,Micro ATX,256,4,Black / Silver,DDR5,40
MSI PRO X870-P WIFI,273,AM5,ATX,256,4,Black / Silver,DDR5,40
Asus PRIME B550-PLUS AC-HES,129.99,AM4,ATX,128,4,Silver / Black,DDR4,40
Asus PRIME X870-P WIFI,219.99,AM5,ATX,192,4,Black / Silver,DDR5,40
Gigabyte B650M AORUS ELITE AX,199.99,AM5,Micro ATX,192,4,Black,DDR5,40
ASRock B550 Phantom Gaming-ITX/ax,149.99,AM4,Mini ITX,64,2,Silver / Black,DDR4,40
Asus Z790-AYW WIFI W II,189.99,LGA1700,ATX,192,4,White,DDR5,70
ASRock B850M Riptide WiFi,169.99,AM5,Micro ATX,256,4,Black,DDR5,40
Gigabyte B760M DS3H DDR4,109.99,LGA1700,Micro ATX,128,4,Black,DDR5,70
Asus TUF GAMING B760M-PLUS WIFI II,263.77,LGA1700,Micro ATX,192,4,Black / Orange,DDR5,70
Gigabyte B650M AORUS ELITE AX ICE,199.99,AM5,Micro ATX,192,4,Silver,DDR5,40
Asus PRIME H610I-PLUS D4-CSM,112.99,LGA1700,Mini ITX,64,2,Silver / Black,DDR4,70
Asus PRIME B760M-A AX,131.74,LGA1700,Micro ATX,128,4,Silver / Black,DDR5,70
Gigabyte B550M DS3H,137.64,AM4,Micro ATX,128,4,Black / Gold,DDR4,40
MSI PRO B650-P WIFI,169.99,AM5,ATX,192,4,Black,DDR5,40
ASRock B650M-H/M.2+,99.99,AM5,Micro ATX,96,2,Silver / Black,DDR5,40
ASRock X870 Steel Legend WiFi,259.99,AM5,ATX,256,4,White,DDR5,40
Asus ROG MAXIMUS Z790 DARK HERO,999.99,LGA1700,ATX,192,4,Black,DDR5,70
Gigabyte Z790 AORUS ELITE X WIFI7,239.99,LGA1700,ATX,192,4,Black,DDR5,70
ASRock H610M/ac,89.99,LGA1700,Micro ATX,64,2,Silver / Black,DDR4/DDR5,70
Gigabyte B650I AORUS ULTRA,237,AM5,Mini ITX,96,2,Black / Silver,DDR5,40
Gigabyte A620M S2H,110.82,AM5,Micro ATX,96,2,Gray / Black,DDR5,40
Gigabyte Z890 EAGLE WIFI7,224.27,LGA1851,ATX,256,4,Silver / Black,DDR5,70
Asus ROG STRIX B450-F GAMING II,269.27,AM4,ATX,128,4,Black,DDR4,40
Asus ROG STRIX X870-F GAMING WIFI,419.99,AM5,ATX,192,4,Black,DDR5,40
Gigabyte B450M DS3H,153.26,AM4,Micro ATX,128,4,Black / Silver,DDR4,40
Asus PRIME B840-PLUS WIFI,149.99,AM5,ATX,192,4,Silver / Black,DDR5,40
ASRock B850 LiveMixer WiFi,189.99,AM5,ATX,256,4,Silver / Black,DDR5,40
Asus TUF GAMING B550M-PLUS WIFI II,199.99,AM4,Micro ATX,128,4,Black / Gray,DDR4,40
ASRock B450M PRO4 R2.0,99.99,AM4,Micro ATX,128,4,Gray / Black,DDR4,40
ASRock B660M Pro RS,107.99,LGA1700,Micro ATX,128,4,Gray / Black,DDR4,70
ASRock A620M Pro RS WiFi,148.93,AM5,Micro ATX,256,4,Silver / Black,DDR5,40
Asus ROG STRIX X670E-E GAMING WIFI,384,AM5,ATX,192,4,Black / Silver,DDR5,40
ASRock H510M-HDV/M.2 SE,94.31,LGA1200,Micro ATX,64,2,Black / Silver,DDR4,40
Asus ROG STRIX B550-F GAMING,219.99,AM4,ATX,128,4,Black,DDR4,40
ASRock B550M-HDV,89.99,AM4,Micro ATX,64,2,Black,DDR4,40
MSI PRO Z890-P WIFI,189.99,LGA1851,ATX,256,4,Black / Silver,DDR5,70
MSI PRO B650-A WIFI,169.99,AM5,ATX,256,4,Black / Silver,DDR5,40
ASRock B850M-X WiFi,124.99,AM5,Micro ATX,128,2,Black / White,DDR5,40
Gigabyte B550M AORUS ELITE,134,AM4,Micro ATX,128,4,Black / Orange,DDR4,40
ASRock Phantom Gaming X870 Riptide WiFi,249.99,AM5,ATX,256,4,Black / Purple,DDR5,40
Asus PRIME B650M-A WIFI II,237.07,AM5,Micro ATX,192,4,Black / Silver,DDR5,40
MSI MPG B850 EDGE TI WIFI,309.99,AM5,ATX,256,4,Silver / White,DDR5,40
MSI PRO B760M-A WIFI DDR4,154.99,LGA1700,Micro ATX,128,4,Black,DDR5,70
Gigabyte B550M GAMING X WIFI6,154.99,AM4,Micro ATX,128,4,Gray / Black,DDR4,40
MSI B650M PROJECT ZERO,229.99,AM5,Micro ATX,256,4,Silver / Black,DDR5,40
ASRock H81 Pro BTC,44.98,LGA1150,ATX,16,2,Black / Silver,DDR3,40
Gigabyte B760 GAMING X AX,239.94,LGA1700,ATX,192,4,Black / Gray,DDR5,70
Asus ROG STRIX B450-F GAMING,129.99,AM4,ATX,128,4,Black,DDR4,40
Asus B760M-AYW WIFI D4 II,99.99,LGA1700,Micro ATX,64,2,Black / Silver,DDR5,70
ASRock X870E Taichi Lite,299.99,AM5,EATX,256,4,Black / Silver,DDR5,60
MSI MPG Z790 CARBON MAX WIFI II,469.99,LGA1700,ATX,256,4,Black,DDR5,70
NZXT N9 X870E,459.99,AM5,ATX,192,4,Black,DDR5,40
Asus ROG CROSSHAIR X870E APEX,749.99,AM5,ATX,128,2,Black,DDR5,40
Asus ROG STRIX Z890-E GAMING WIFI,424,LGA1851,ATX,192,4,Black,DDR5,70
Asus TUF GAMING X670E-PLUS WIFI,235.99,AM5,ATX,192,4,Black / Orange,DDR5,40
Gigabyte B650I AX,223.75,AM5,Mini ITX,96,2,Black,DDR5,40
Asus ROG STRIX Z790-E GAMING WIFI,399.99,LGA1700,ATX,192,4,Black,DDR5,70
Gigabyte B650 GAMING X AX,166.63,AM5,ATX,192,4,Black / Gray,DDR5,40
ASRock B660M-HDV,107.51,LGA1700,Micro ATX,64,2,Gray / Black,DDR4,70
Gigabyte X670 AORUS ELITE AX,239.99,AM5,ATX,192,4,Black,DDR5,40
MSI PRO B850M-P WIFI,179.99,AM5,Micro ATX,256,4,Black / Silver,DDR5,40
Gigabyte B450M K,99.95,AM4,Micro ATX,64,2,Brown / Silver,DDR4,40
ASRock G41M-S,57.7,LGA775,Micro ATX,8,2,Blue / White,DDR2,40
Gigabyte X870E AORUS ELITE WIFI7 ICE,329.99,AM5,ATX,256,4,White,DDR5,40
Gigabyte X870E AORUS XTREME AI TOP,799.99,AM5,EATX,256,4,Black,DDR5,60
ASRock B860I WiFi,159.99,LGA1851,Mini ITX,128,2,Black,DDR5,70
Asus TUF GAMING B650-PLUS,159.99,AM5,ATX,128,4,Black / Orange,DDR5,40
Gigabyte GA-B250M-DS3H,203.44,LGA1151,Micro ATX,64,4,Black / Gold,DDR4/DDR5,40
Gigabyte B650M S2H,147.47,AM5,Micro ATX,96,2,Black / Gray,DDR5,40
MSI B550M PRO-VDH,153.09,AM4,Micro ATX,128,4,Black,DDR4,40
ASRock B450M Steel Legend,92.67,AM4,Micro ATX,64,4,Black / White,DDR4,40
MSI MAG Z790 TOMAHAWK MAX WIFI,248.43,LGA1700,ATX,192,4,Black / Yellow,DDR5,70
ASRock B850 Pro-A WiFi,177.99,AM5,ATX,256,4,Black / Silver,DDR5,40
NZXT N9 X870E,459.99,AM5,ATX,192,4,White,DDR5,40
ASRock B850M Pro RS,149.99,AM5,Micro ATX,256,4,Silver / Black,DDR5,40
Asus B650E MAX GAMING WIFI,169.99,AM5,ATX,192,4,Black / Silver,DDR5,40
MSI Z390-A PRO,236.99,LGA1151,ATX,128,4,Brown / Black,DDR4/DDR5,40
Asus TUF GAMING B850-BTF WIFI W,279.99,AM5,ATX,256,4,White / Silver,DDR5,40
ASRock H610M-HDV/M.2+ D5,89.57,LGA1700,Micro ATX,96,2,White / Black,DDR5,70
MSI PRO B650M-B,154.86,AM5,Micro ATX,96,2,Black,DDR5,40
MSI B450M PRO-VDH MAX,110,AM4,Micro ATX,64,4,Black / Silver,DDR4,40
Asus PRIME B650-PLUS,174.02,AM5,ATX,192,4,Black / Silver,DDR5,40
Asus PRIME Z790-P WIFI,249.99,LGA1700,ATX,192,4,Black / Silver,DDR5,70
Gigabyte Z890 AORUS ELITE WIFI7,245.4,LGA1851,ATX,256,4,Black,DDR5,70
Asus TUF GAMING Z890-PLUS WIFI,260,LGA1851,ATX,192,4,Black,DDR5,70
ASRock B850M-X,111.98,AM5,Micro ATX,128,2,Black / White,DDR5,40
Asus ROG STRIX B650E-E GAMING WIFI,404.73,AM5,ATX,192,4,Black,DDR5,40
Gigabyte B850M DS3H,154.99,AM5,Micro ATX,256,4,Gray / Black,DDR5,40
ASRock B650M PG RIPTIDE WIFI,185.99,AM5,Micro ATX,256,4,Black,DDR5,40
MSI X870E GAMING PLUS WIFI,329.99,AM5,ATX,256,4,Black,DDR5,40
Gigabyte Z790 AORUS PRO X,329.99,LGA1700,ATX,192,4,Silver,DDR5,70
Gigabyte B650M D3HP,169.44,AM5,Micro ATX,192,4,Black,DDR5,40
Asus TUF GAMING A620M-PLUS WIFI,155.99,AM5,Micro ATX,192,4,Black / Orange,DDR5,40
Asus ProArt Z890-CREATOR WIFI,489.99,LGA1851,ATX,256,4,Black / Gold,DDR5,70
Gigabyte TRX40 AORUS XTREME,1062.9,sTRX4,XL ATX,256,8,Black / Silver,DDR4,80
ASRock B550 Phantom Gaming 4,99.99,AM4,ATX,128,4,Silver / Black,DDR4,40
Gigabyte X870 GAMING X WIFI7,259.99,AM5,ATX,256,4,Black,DDR5,40
MSI Z790 PROJECT ZERO,279.99,LGA1700,ATX,256,4,Silver / Black,DDR5,70
Asus TUF GAMING X870E-PLUS WIFI7,359.99,AM5,ATX,256,4,Black / Silver,DDR5,40
Asus X870 MAX GAMING WIFI7,233.65,AM5,ATX,256,4,Black,DDR5,40
Asus ROG STRIX X570-E GAMING WIFI II,495.31,AM4,ATX,128,4,Black,DDR4,40
Gigabyte Z790M AORUS ELITE AX ICE,199.99,LGA1700,Micro ATX,192,4,White / Silver,DDR5,70
Gigabyte Z890M AORUS ELITE WIFI7 ICE,189.95,LGA1851,Micro ATX,256,4,White / Silver,DDR5,70
MSI B760 GAMING PLUS WIFI DDR4,243.73,LGA1700,ATX,128,4,Black / Silver,DDR5,70
Gigabyte B760I AORUS PRO,199.99,LGA1700,Mini ITX,96,2,Silver / Black,DDR5,70
Gigabyte X870 AORUS STEALTH ICE,309.99,AM5,ATX,256,4,White,DDR5,40
Asus PRIME Z390-A,244.48,LGA1151,ATX,128,4,Silver / Black,DDR4/DDR5,40
Asus H110M-K,173.25,LGA1151,Micro ATX,32,2,Black / Gold,DDR4/DDR5,40
Gigabyte B550 AORUS ELITE V2,190.78,AM4,ATX,128,4,Black,DDR4,40
Asus PRIME B450M-K II,111.64,AM4,Micro ATX,64,2,Black,DDR4,40
Asus ROG STRIX Z690-E GAMING WIFI,361.52,LGA1700,ATX,192,4,Black,DDR4,70
Asus PRIME B550-PLUS,169.78,AM4,ATX,128,4,Black / White,DDR4,40
Asus TUF GAMING B450-PLUS II,192.85,AM4,ATX,128,4,Black,DDR4,40
MSI PRO B760M-P,124.98,LGA1700,Micro ATX,192,4,Black,DDR5,70
MSI B760M PROJECT ZERO,206.99,LGA1700,Micro ATX,256,4,Silver / Black,DDR5,70
Asus ROG MAXIMUS Z890 HERO,619.99,LGA1851,ATX,192,4,Black,DDR5,70
Gigabyte B850 EAGLE WIFI7 ICE,342.89,AM5,ATX,256,4,White,DDR5,40
ASRock B650M PG Lightning,192.99,AM5,Micro ATX,256,4,Silver / Black,DDR5,40
Gigabyte B650E AORUS STEALTH ICE,422.04,AM5,ATX,192,4,White / Silver,DDR5,40
MSI PRO H610M-G WIFI DDR4,119.99,LGA1700,Micro ATX,64,2,Black / Silver,DDR4,70
Gigabyte B850M EAGLE WIFI6E ICE,164.99,AM5,Micro ATX,256,4,White,DDR5,40
ASRock A520M-ITX/ac,150.01,AM4,Mini ITX,64,2,Black / Silver,DDR4,40
ASRock B850 Pro RS,177.99,AM5,ATX,256,4,Silver / Black,DDR5,40
Gigabyte Z390 AORUS PRO WIFI,299.99,LGA1151,ATX,128,4,Black / Silver,DDR4/DDR5,40
Asus PRIME B650M-A II-CSM,159.99,AM5,Micro ATX,192,4,Silver / Black,DDR5,40
MSI MPG X670E CARBON WIFI,479.99,AM5,ATX,192,4,Black,DDR5,40
Asus PRIME A520M-A II/CSM,78.86,AM4,Micro ATX,128,4,Silver / Black,DDR4,40
Asus X870 AYW GAMING WIFI W,219.99,AM5,ATX,256,4,White / Silver,DDR5,40
ASRock H470M-HVS,59.99,LGA1200,Micro ATX,64,2,Black / Silver,DDR4,40
ASRock A620M Pro RS,154.16,AM5,Micro ATX,256,4,Silver / Black,DDR5,40
MSI MAG B860 TOMAHAWK WIFI,169.99,LGA1851,ATX,256,4,Black / Yellow,DDR5,70
MSI MPG B650 EDGE WIFI,179.99,AM5,ATX,192,4,Black / Silver,DDR5,40
Asus ROG STRIX B760-A GAMING WIFI,229.99,LGA1700,ATX,192,4,Silver / Black,DDR5,70
ASRock B450M/AC,84.29,AM4,Micro ATX,64,4,Black,DDR4,40
Asus ROG STRIX B850-G GAMING WIFI,259.99,AM5,Micro ATX,256,4,White,DDR5,40
ASRock B650 Pro RS WiFi,160.98,AM5,ATX,256,4,Silver / Black,DDR5,40
Gigabyte H610M H V3 DDR4,130.93,LGA1700,Micro ATX,64,2,Black / Silver,DDR4,70
Asus ROG STRIX Z790-F GAMING WIFI II,579.99,LGA1700,ATX,192,4,Black,DDR5,70
Asus PRIME B650M-K,188.27,AM5,Micro ATX,96,2,Silver / Black,DDR5,40
MSI MAG B760M MORTAR WIFI II,199.98,LGA1700,Micro ATX,192,4,Silver / Black,DDR5,70
Asus PRIME A620M-K,144.63,AM5,Micro ATX,96,2,Black / Silver,DDR5,40
Asus PRIME Z390-P,188.65,LGA1151,ATX,128,4,Silver / Black,DDR4/DDR5,40
Gigabyte H410M H V2,108.61,LGA1200,Micro ATX,64,2,Gray / Black,DDR4,40
MSI MEG X670E ACE,369.99,AM5,EATX,192,4,Black / Gold,DDR5,60
Asus PRIME B550M-A AC,109.99,AM4,Micro ATX,128,4,Black / Silver,DDR4,40
MSI B450 Gaming Plus MAX,162,AM4,ATX,128,4,Red / Black,DDR4,40
Asus TUF GAMING B550-PLUS,207.05,AM4,ATX,128,4,Black,DDR4,40
ASRock A520M-HVS,85.67,AM4,Micro ATX,64,2,Black / Silver,DDR4,40
Asus PRIME B450M-A,127.78,AM4,Micro ATX,64,4,Black,DDR4,40
NZXT N7 Z790,299.99,LGA1700,ATX,192,4,White / Black,DDR5,70
MSI PRO Z790-P WIFI DDR4,205,LGA1700,ATX,128,4,Black / Silver,DDR5,70
Gigabyte A520 AORUS ELITE,135.14,AM4,ATX,128,4,Black / Orange,DDR4,40
Gigabyte A620M GAMING X,188.99,AM5,Micro ATX,192,4,Brown / Gray,DDR5,40
Gigabyte Z790 AORUS PRO X WIFI7,299.99,LGA1700,ATX,192,4,Black,DDR5,70
Asus ROG STRIX X670E-A GAMING WIFI,264.99,AM5,ATX,192,4,Silver / Black,DDR5,40
ASRock B850 Pro RS WiFi,189.99,AM5,ATX,256,4,Silver / Black,DDR5,40
MSI MPG Z790 EDGE WIFI,209,LGA1700,ATX,192,4,Silver / Black,DDR5,70
Gigabyte B450 AORUS PRO WIFI (rev. 1.0),227.26,AM4,ATX,64,4,Black / Silver,DDR4,40
Gigabyte B850M AORUS ELITE WIFI6E,307.15,AM5,Micro ATX,256,4,Black,DDR5,40
ASRock B450 Pro4 R2.0,129.91,AM4,ATX,128,4,Black,DDR4,40
Asus PRIME B660-PLUS D4,179.99,LGA1700,ATX,128,4,Silver / Black,DDR4,70
MSI MEG Z890 GODLIKE,1081.99,LGA1851,EATX,256,4,Black,DDR5,70
ASRock B550M Phantom Gaming 4,99.99,AM4,Micro ATX,128,4,Black,DDR4,40
MSI PRO B860M-A WIFI,159.99,LGA1851,Micro ATX,256,4,Silver / Black,DDR5,70
Asus ROG Crosshair VIII Dark Hero,730.56,AM4,ATX,128,4,Black / Silver,DDR4,40
MSI PRO B760-P II,239.38,LGA1700,ATX,256,4,Black / Silver,DDR5,70
Asus ROG STRIX X670E-F GAMING WIFI,418,AM5,ATX,192,4,Black / Silver,DDR5,40
Gigabyte B850 AORUS STEALTH ICE,264.99,AM5,ATX,256,4,White,DDR5,40
MSI MPG Z490 GAMING EDGE WIFI,438.88,LGA1200,ATX,128,4,Black / Silver,DDR4,40
Gigabyte B850 EAGLE ICE,271.76,AM5,ATX,256,4,White,DDR5,40
Gigabyte B850M D3HP,196.72,AM5,Micro ATX,256,4,Gray / Black,DDR5,40
Gigabyte H610I,129.99,LGA1700,Mini ITX,64,2,Black,DDR4/DDR5,70
MSI PRO Z790-VC WIFI,179.99,LGA1700,ATX,192,4,Black,DDR5,70
Asus ROG MAXIMUS Z790 HERO,655.54,LGA1700,ATX,192,4,Black,DDR5,70
MSI Z890 GAMING PLUS WIFI,266.99,LGA1851,ATX,256,4,Black,DDR5,70
ASRock B860 Pro-A,139.99,LGA1851,ATX,256,4,Black,DDR5,70
Asus ROG STRIX Z890-A GAMING WIFI,392.08,LGA1851,ATX,256,4,White,DDR5,70
Gigabyte TRX40 AORUS MASTER,530,sTRX4,EATX,256,8,Black / Silver,DDR4,80
Asus PRIME H610M-K D4,115.06,LGA1700,Micro ATX,64,2,Silver / Black,DDR4,70
ASRock Z790M-ITX WIFI,199.99,LGA1700,Mini ITX,96,2,Black,DDR5,70
Asus PRIME B550M-K,135,AM4,Micro ATX,128,4,Black / White,DDR4,40
Supermicro MBD-X10DAX,900,2 x LGA2011-3,EATX,2048,16,Green / Black,DDR4,60
Asus ROG STRIX Z390-E GAMING,340,LGA1151,ATX,128,4,Black,DDR4/DDR5,40
Asus PRIME B450-PLUS,168.31,AM4,ATX,64,4,Black / Silver,DDR4,40
Asus ROG MAXIMUS Z890 EXTREME,849,LGA1851,EATX,192,4,Black,DDR5,70
Asus Z890 AYW GAMING WIFI W,219.99,LGA1851,ATX,192,4,White,DDR5,70
Asus PRIME H510M-K,108,LGA1200,Micro ATX,64,2,Black / Silver,DDR4,40
Asus TUF GAMING Z690-PLUS WIFI,219.99,LGA1700,ATX,192,4,Black / Gray,DDR4,70
MSI MAG Z690 TOMAHAWK WIFI DDR4,399,LGA1700,ATX,128,4,Black / Silver,DDR4,70
Gigabyte B850 AI TOP,319.99,AM5,ATX,256,4,Black,DDR5,40
ASRock B760 Pro RS,176.75,LGA1700,ATX,192,4,Silver / Black,DDR5,70
NZXT N7 Z790,271.31,LGA1700,ATX,192,4,Black,DDR5,70
Gigabyte H610M K V2,114.74,LGA1700,Micro ATX,96,2,Brown / Black,DDR4/DDR5,70
Asus PRIME Z790-A WIFI,299.99,LGA1700,ATX,192,4,Black / Silver,DDR5,70
Gigabyte B550 EAGLE,147.45,AM4,ATX,128,4,Black,DDR4,40
MSI MPG X570 GAMING PLUS,512.22,AM4,ATX,128,4,Black / Red,DDR4,40
Gigabyte X570 AORUS ELITE WIFI,368,AM4,ATX,128,4,Black,DDR4,40
ASRock B550M Steel Legend,164.84,AM4,Micro ATX,128,4,Silver / Black,DDR4,40
Asus PRIME B650M-R,182.42,AM5,Micro ATX,96,2,Silver / Black,DDR5,40
Asus ROG STRIX Z790-E GAMING WIFI II,445.2,LGA1700,ATX,192,4,Black,DDR5,70
Asus X870 MAX GAMING WIFI7 W,235.84,AM5,ATX,256,4,White,DDR5,40
ASRock X670E Steel Legend,512.24,AM5,ATX,256,4,Black / White,DDR5,40
Gigabyte X670 GAMING X AX V2,229.95,AM5,ATX,192,4,Black / Gray,DDR5,40
Asus PRIME B760-PLUS D4,172.99,LGA1700,ATX,128,4,Silver / Black,DDR5,70
Gigabyte B550M DS3H AC R2,109.99,AM4,Micro ATX,128,4,Black,DDR4,40
Asus PRIME X570-P,358.29,AM4,ATX,128,4,Black / White,DDR4,40
MSI PRO A620M-B,161.13,AM5,Micro ATX,128,2,Black,DDR5,40
Asus ProArt Z790-CREATOR WIFI,693.83,LGA1700,ATX,192,4,Black / Copper,DDR5,70
MSI PRO B760-VC WIFI IV,169.99,LGA1700,ATX,256,4,Black / Silver,DDR5,70
Asus ROG STRIX Z890-H GAMING WIFI,329.99,LGA1851,ATX,256,4,Black,DDR5,70
Asus TUF GAMING B760M-BTF WIFI,239.99,LGA1700,Micro ATX,192,4,Black,DDR5,70
MSI MPG Z890I EDGE TI WIFI,329.95,LGA1851,Mini ITX,128,2,White,DDR5,70
Asus TUF GAMING B550M-PLUS,157.99,AM4,Micro ATX,128,4,Black,DDR4,40
Gigabyte H610I DDR4,161.13,LGA1700,Mini ITX,64,2,Black / Gray,DDR4,70
Gigabyte TRX40 AORUS PRO WIFI,476,sTRX4,ATX,256,8,Black / Orange,DDR4,80
Asus PRIME X670E-PRO WIFI,349.99,AM5,ATX,192,4,Silver / Black,DDR5,40
Asus PRIME B560M-A,219.99,LGA1200,Micro ATX,128,4,Silver / Black,DDR4,40
ASRock B760M-ITX/D4 WiFi,215.82,LGA1700,Mini ITX,64,2,Silver / Black,DDR5,70
Asus PRO H610M-CT D4-CSM,89.99,LGA1700,Micro ATX,64,2,Green / Black,DDR4,70
ASRock B850M Pro-A,199.13,AM5,Micro ATX,256,4,Black,DDR5,40
MSI MPG B760I EDGE WIFI,219.99,LGA1700,Mini ITX,96,2,Black / Silver,DDR5,70
MSI MPG Z390 GAMING EDGE AC,296.24,LGA1151,ATX,128,4,Black / Silver,DDR4/DDR5,40
MSI X470 GAMING PLUS MAX,199.99,AM4,ATX,128,4,Black,DDR4,40
Asus TUF GAMING B450M-PLUS II,164.99,AM4,Micro ATX,128,4,Black,DDR4,40
MSI PRO B840M-B,157.77,AM5,Micro ATX,128,2,Black,DDR5,40
ASRock Z790 PG SONIC,159.99,LGA1700,ATX,192,4,Black / Blue,DDR5,70
Asus TUF GAMING Z790-PLUS WIFI D4,229.99,LGA1700,ATX,128,4,Black,DDR5,70
Gigabyte B650 UD AX (rev. 1.0),169.99,AM5,ATX,192,4,Black / Gray,DDR5,40
MSI MPG Z790 EDGE TI MAX WIFI,399,LGA1700,ATX,192,4,Silver / Black,DDR5,70
Asus PRIME Z890M-PLUS WIFI,229.99,LGA1851,Micro ATX,192,4,Black / Silver,DDR5,70
Gigabyte B760M DS3H AX DDR4,178.81,LGA1700,Micro ATX,128,4,Black,DDR5,70
Gigabyte B760 GAMING X DDR4,355.26,LGA1700,ATX,128,4,Black,DDR5,70
MSI MPG Z390 GAMING PLUS,259,LGA1151,ATX,128,4,Black / Red,DDR4/DDR5,40
MSI MPG Z490 GAMING PLUS,337.04,LGA1200,ATX,128,4,Black / Silver,DDR4,40
Asus PRIME H510M-A,152.09,LGA1200,Micro ATX,64,2,Black / Silver,DDR4,40
MSI B450-A PRO MAX,240.73,AM4,ATX,64,4,Brown / Black,DDR4,40
Asus PRIME Z890-P WIFI,239.99,LGA1851,ATX,192,4,Black / Silver,DDR5,70
Gigabyte Z390 UD,189.99,LGA1151,ATX,128,4,Black / Silver,DDR4/DDR5,40
ASRock Z890I Nova WiFi,299.99,LGA1851,Mini ITX,128,2,Black,DDR5,70
ASRock 970M PRO3,69.98,AM3+/AM3,Micro ATX,64,4,Black,DDR3,40
ASRock Z790 Steel Legend WiFi,319,LGA1700,ATX,192,4,Silver / Black,DDR5,70
Gigabyte X570 AORUS ELITE,349,AM4,ATX,128,4,Black / Silver,DDR4,40
Asus TUF GAMING B850M-PLUS,334.12,AM5,Micro ATX,192,4,Black,DDR5,40
Gigabyte B650 UD AC,169.99,AM5,ATX,192,4,Black / Gray,DDR5,40
MSI MPG Z890 CARBON WIFI,499.99,LGA1851,ATX,256,4,Black,DDR5,70
Gigabyte B760M D3HP WIFI6,232.01,LGA1700,Micro ATX,192,4,Gray / Black,DDR5,70
ASRock B450 Steel Legend,172,AM4,ATX,64,4,Black / Silver,DDR4,40
Asus ROG MAXIMUS Z890 HERO BTF,699.99,LGA1851,ATX,256,4,Black,DDR5,70
Asus ROG STRIX Z490-E GAMING,363.66,LGA1200,ATX,128,4,Black,DDR4,40
Asus TUF GAMING A520M-PLUS II,130.24,AM4,Micro ATX,128,4,Black,DDR4,40
Asus TUF GAMING B860M-PLUS WIFI,209.99,LGA1851,Micro ATX,256,4,Black / Silver,DDR5,70
Gigabyte Z790 AORUS MASTER X,444,LGA1700,EATX,192,4,Black,DDR5,70
ASRock B860M-X,119.99,LGA1851,Micro ATX,128,2,Silver / Black,DDR5,70
ASRock X570 Phantom Gaming 4,270.44,AM4,ATX,128,4,Black / Silver,DDR4,40
Gigabyte X570 I AORUS PRO WIFI,400,AM4,Mini ITX,64,2,Black / Silver,DDR4,40
ASRock B450 Pro4,121.55,AM4,ATX,64,4,Black / Silver,DDR4,40
Asus ROG STRIX Z690-A GAMING WIFI D4,309.99,LGA1700,ATX,128,4,Silver / Black,DDR4,70
Gigabyte B860I AORUS PRO ICE,209.99,LGA1851,Mini ITX,128,2,White / Silver,DDR5,70
ASRock B650E PG-ITX WIFI,349.99,AM5,Mini ITX,96,2,Black / Red,DDR5,40
Gigabyte H610M S2H V2 DDR4,99.99,LGA1700,Micro ATX,64,2,Black / Gray,DDR4,70
Asus PRIME X570-PRO,429,AM4,ATX,128,4,Black / White,DDR4,40
Biostar B650MT,125,AM5,Micro ATX,96,2,Black / Silver,DDR5,40
ASRock B550 Pro4,161.99,AM4,ATX,128,4,Silver / Black,DDR4,40
MSI PRO B550M-P GEN3,95.95,AM4,Micro ATX,128,4,Black,DDR4,40
MSI MEG X570 UNIFY,399,AM4,ATX,128,4,Black,DDR4,40
Asus X99-DELUXE II,599,LGA2011-3,ATX,128,8,Black / White,DDR4,40
Asus ROG Strix X570-I Gaming,538.99,AM4,Mini ITX,64,2,Black,DDR4,40
MSI PRO Z790-S WIFI,194,LGA1700,ATX,192,4,Black,DDR5,70
Gigabyte B650M AORUS ELITE,204.73,AM5,Micro ATX,192,4,Black,DDR5,40
ASRock B860 Pro RS WiFi,159.99,LGA1851,ATX,256,4,Silver / Black,DDR5,70
ASRock X570 Phantom Gaming 4S,2945.06,AM4,ATX,128,4,Black,DDR4,40
Asus TUF GAMING B860-PLUS WIFI,219.99,LGA1851,ATX,256,4,Black / Gray,DDR5,70
Asus ROG STRIX Z590-E GAMING WIFI,514.9,LGA1200,ATX,128,4,Black,DDR4,40
Gigabyte H610M S2H V3 DDR4,109.95,LGA1700,Micro ATX,64,2,Black / Silver,DDR4,70
Asus ROG MAXIMUS Z790 EXTREME,2608.6,LGA1700,EATX,192,4,Black,DDR5,70
Asus ROG STRIX Z890-F GAMING WIFI,389.99,LGA1851,ATX,192,4,Black,DDR5,70
Gigabyte Z790 UD AC,197.99,LGA1700,ATX,192,4,Black,DDR5,70
Gigabyte Z890M GAMING X,169.99,LGA1851,Micro ATX,256,4,Silver / Black,DDR5,70
ASRock B860I Lightning WiFi,219.99,LGA1851,Mini ITX,128,2,Black,DDR5,70
Gigabyte Z790 D AX,265.76,LGA1700,ATX,192,4,Black / Gray,DDR5,70
Asus PRIME B840M-A WIFI-CSM,179.99,AM5,Micro ATX,192,4,Silver / Black,DDR5,40
Asus TUF GAMING X570-PLUS,388.83,AM4,ATX,128,4,Black / Gold,DDR4,40
Asus PROART B650-CREATOR,330.21,AM5,ATX,192,4,Black / Copper,DDR5,40
Asus Z170-A,281.98,LGA1151,ATX,64,4,Black / White,DDR4/DDR5,40
Asus ROG STRIX Z790-A GAMING WIFI D4,407.95,LGA1700,ATX,128,4,Black / Silver,DDR5,70
Gigabyte B760 DS3H AX,159.99,LGA1700,ATX,192,4,Gray / Black,DDR5,70
Gigabyte B840M DS3H,137.63,AM5,Micro ATX,256,4,Gray / Black,DDR5,40
Gigabyte B650M DS3H,209.83,AM5,Micro ATX,192,4,Brown / Black,DDR5,40
Asus PRIME B760M-K D4,290.9,LGA1700,Micro ATX,64,2,Silver / Black,DDR5,70
Gigabyte B860 GAMING X WIFI6E,179.99,LGA1851,ATX,256,4,Silver / Black,DDR5,70
Asus PRIME X870-P,363.29,AM5,ATX,192,4,Black / Silver,DDR5,40
Asus ROG STRIX B760-F GAMING WIFI,477.94,LGA1700,ATX,192,4,Black,DDR5,70
MSI PRO Z890-S WIFI PZ,209.99,LGA1851,ATX,256,4,Silver,DDR5,70
ASRock B760M-HDV/M.2 D4,125.05,LGA1700,Micro ATX,64,2,Silver / Black,DDR5,70
Asus PRIME X670-P WIFI,269.99,AM5,ATX,192,4,Silver / Black,DDR5,40
Gigabyte B760M D3HP DDR4,144.87,LGA1700,Micro ATX,128,4,Black / Gray,DDR5,70
Asus TUF Gaming Z590-PLUS WIFI,338.5,LGA1200,ATX,128,4,Silver / Black,DDR4,40
ASRock B760M Steel Legend WiFi,232.19,LGA1700,Micro ATX,192,4,Silver / Black,DDR5,70
Asus PRIME B550M-A,146.27,AM4,Micro ATX,128,4,Black / White,DDR4,40
Gigabyte Z890 UD WIFI6E,189.79,LGA1851,ATX,256,4,Black / Gray,DDR5,70
ASRock Z890 Pro-A WiFi,199.99,LGA1851,ATX,256,4,Black / Silver,DDR5,70
MSI MAG B760 TOMAHAWK WIFI DDR4,189.99,LGA1700,ATX,128,4,Black,DDR5,70
Asus ROG Crosshair VIII Hero (WI-FI),719,AM4,ATX,128,4,Black,DDR4,40
MSI PRO B850M-A WIFI,199.99,AM5,Micro ATX,128,4,Black / Silver,DDR5,40
Asus PRIME B660M-K D4,144.87,LGA1700,Micro ATX,64,2,Silver / Black,DDR4,70
Gigabyte B860 AORUS ELITE WIFI7 ICE,189.99,LGA1851,ATX,256,4,White / Silver,DDR5,70
MSI MPG Z690 EDGE WIFI DDR4,386.99,LGA1700,ATX,128,4,Black / Gray,DDR4,70
Gigabyte GA-H270N-WIFI,229.44,LGA1151,Mini ITX,32,2,Black / Silver,DDR4/DDR5,40
Gigabyte Z890 AORUS ELITE WIFI7 ICE,219.99,LGA1851,ATX,256,4,White / Silver,DDR5,70
Gigabyte B850M EAGLE WIFI6E,164.99,AM5,Micro ATX,256,4,Black,DDR5,40
MSI A520M PRO,118.83,AM4,Micro ATX,64,2,Black,DDR4,40
Asus PRIME Z490-P,305,LGA1200,ATX,128,4,Black / Silver,DDR4,40
Asus ROG STRIX Z690-F GAMING WIFI,275,LGA1700,ATX,192,4,Black / Silver,DDR4,70
Asus PRIME B760M-A D4,149.99,LGA1700,Micro ATX,128,4,Silver / Black,DDR5,70
Gigabyte Z790M AORUS ELITE AX,199.99,LGA1700,Micro ATX,192,4,Black / Silver,DDR5,70
Gigabyte B760M AORUS ELITE AX,212.57,LGA1700,Micro ATX,192,4,Black / Silver,DDR5,70
Asus ROG Strix X570-E Gaming,539,AM4,ATX,128,4,Black,DDR4,40
ASRock Z790 Pro RS,176.99,LGA1700,ATX,192,4,Silver / Black,DDR5,70
Gigabyte Z790 GAMING X AX,199.99,LGA1700,ATX,192,4,Black,DDR5,70
MSI MAG B550M MORTAR MAX WIFI,159.99,AM4,Micro ATX,128,4,Silver / Black,DDR4,40
Asus TUF GAMING Z890-PRO WIFI,272,LGA1851,ATX,192,4,White,DDR5,70
ASRock B550 PG Riptide,189.57,AM4,ATX,128,4,Black / Silver,DDR4,40
MSI B860M GAMING PLUS WIFI,179.99,LGA1851,Micro ATX,256,4,Silver / Black,DDR5,70
ASRock Z790 Nova WiFi,445.38,LGA1700,ATX,192,4,Black,DDR5,70
Gigabyte B450 AORUS ELITE V2,301,AM4,ATX,128,4,Black,DDR4,40
MSI MPG Z390 GAMING PRO CARBON,367.51,LGA1151,ATX,128,4,Black / Silver,DDR4/DDR5,40
ASRock B860M-X WiFi,129.99,LGA1851,Micro ATX,128,2,Silver / Black,DDR5,70
Asus ROG MAXIMUS XI HERO (WI-FI),468.42,LGA1151,ATX,128,4,Black,DDR4/DDR5,40
Asus ROG STRIX Z890-I GAMING WIFI,419.99,LGA1851,Mini ITX,96,2,Black,DDR5,70
Gigabyte B860 EAGLE WIFI6E,169.99,LGA1851,ATX,256,4,Gray / Black,DDR5,70
Asus PRIME B850-PLUS WIFI,199.99,AM5,ATX,256,4,Black / Silver,DDR5,40
Gigabyte Z890 AORUS MASTER,484.01,LGA1851,ATX,256,4,Black / Silver,DDR5,70
Asus TUF GAMING Z790-BTF WIFI,299.99,LGA1700,ATX,192,4,Silver / Black,DDR5,70
Asus PRIME Z790-P,287.39,LGA1700,ATX,192,4,Silver / Black,DDR5,70
Asus ROG STRIX Z790-F GAMING WIFI,442.98,LGA1700,ATX,192,4,Black,DDR5,70
MSI MPG B760M EDGE TI WIFI,219.99,LGA1700,Micro ATX,192,4,Silver / Black,DDR5,70
ASRock A620M-HDV/M.2+,148.67,AM5,Micro ATX,96,2,Gray / Black,DDR5,40
Asus ROG STRIX Z370-E GAMING,375,LGA1151,ATX,64,4,Black / Silver,DDR4/DDR5,40
ASRock Z390 Phantom Gaming 4,199.99,LGA1151,ATX,128,4,Black / Silver,DDR4/DDR5,40
MSI PRO Z890-A WIFI,289.99,LGA1851,ATX,256,4,Black / Silver,DDR5,70
Asus ROG STRIX Z690-I GAMING WIFI,429,LGA1700,Mini ITX,96,2,Black / Silver,DDR4,70
Asus TUF GAMING B660M-PLUS WIFI D4,229,LGA1700,Micro ATX,128,4,Black / Orange,DDR4,70
Asus PRIME H610M-E D4-CSM,99.99,LGA1700,Micro ATX,64,2,Silver / Black,DDR4,70
Gigabyte Z390 GAMING X,258,LGA1151,ATX,128,4,Black / Red,DDR4/DDR5,40
ASRock Z890M Riptide WiFi,241.1,LGA1851,Micro ATX,256,4,Black / Silver,DDR5,70
MSI PRO H610M-E,151.17,LGA1700,Micro ATX,96,2,Black,DDR4/DDR5,70
Gigabyte Z790 D,239.06,LGA1700,ATX,192,4,Black / Gray,DDR5,70
ASRock B760I Lightning WiFi,327.99,LGA1700,Mini ITX,96,2,Black,DDR5,70
Asus TUF GAMING B760M-PLUS II,241.57,LGA1700,Micro ATX,192,4,Black,DDR5,70
Asus PRIME A620M-A-CSM,129.99,AM5,Micro ATX,192,4,Silver / Black,DDR5,40
ASRock B860 Pro RS,149.99,LGA1851,ATX,256,4,Silver / Black,DDR5,70
Asus TUF GAMING B760M-PLUS WIFI D4,261.87,LGA1700,Micro ATX,128,4,Black / Orange,DDR5,70
Gigabyte B650M K,195,AM5,Micro ATX,192,4,Brown / Silver,DDR5,40
Asus PRIME B365M-A,171.27,LGA1151,Micro ATX,64,4,Black / Silver,DDR4/DDR5,40
ASRock B550 Steel Legend,205.35,AM4,ATX,128,4,Silver / Black,DDR4,40
Gigabyte B650 AERO G,229.99,AM5,ATX,192,4,Black / Silver,DDR5,40
Asus ROG Strix X570-F Gaming,483.67,AM4,ATX,128,4,Black,DDR4,40
Gigabyte GA-AB350-GAMING 3,279.99,AM4,ATX,64,4,Black / Red,DDR4,40
Asus ROG STRIX Z790-H GAMING WIFI,479.99,LGA1700,ATX,192,4,Black,DDR5,70
MSI Z590 PRO WIFI,381.49,LGA1200,ATX,128,4,Black,DDR4,40
Gigabyte Z890 AORUS XTREME AI TOP,999.99,LGA1851,EATX,256,4,Black,DDR5,70
MSI MEG Z890 ACE,609.99,LGA1851,ATX,256,4,Black / Gold,DDR5,70
MSI MPG Z790I EDGE WIFI,309.99,LGA1700,Mini ITX,96,2,Silver / Black,DDR5,70
Gigabyte B860M AORUS ELITE WIFI6E,189.99,LGA1851,Micro ATX,256,4,Black,DDR5,70
MSI MAG Z790 TOMAHAWK WIFI DDR4,349.99,LGA1700,ATX,128,4,Black,DDR5,70
Asus ROG STRIX B660-I GAMING WIFI,235.74,LGA1700,Mini ITX,96,2,Black / Silver,DDR4,70
Gigabyte B760I AORUS PRO DDR4,209.99,LGA1700,Mini ITX,64,2,Black / Gray,DDR5,70
Gigabyte B550 AORUS PRO AC,306.49,AM4,ATX,128,4,Black / Orange,DDR4,40
Biostar H610MT-E,105.36,LGA1700,Micro ATX,64,2,Black,DDR4/DDR5,70
Asus TUF B450-PLUS GAMING,218.89,AM4,ATX,64,4,Black / Gold,DDR4,40
Asus TUF GAMING B650M-E,255.1,AM5,Micro ATX,192,4,Black,DDR5,40
MSI B560M PRO-E,179.99,LGA1200,Micro ATX,64,2,Black,DDR4,40
ASRock X870 Pro-A WiFi,199.99,AM5,ATX,256,4,Black,DDR5,40
Asus ROG MAXIMUS Z890 APEX,609.99,LGA1851,ATX,96,2,White,DDR5,70
MSI Z270-A PRO,435.99,LGA1151,ATX,64,4,Brown / Black,DDR4/DDR5,40
Gigabyte B760M D3HP,160.19,LGA1700,Micro ATX,192,4,Black / Gray,DDR5,70
Supermicro X11SCL-IF,259.99,LGA1151,Mini ITX,64,2,Green,DDR4/DDR5,40
MSI MPG X570 GAMING PRO CARBON WIFI,399.89,AM4,ATX,128,4,Black / Silver,DDR4,40
Asus PRIME B860-PLUS WIFI,179.99,LGA1851,ATX,256,4,Silver / Black,DDR5,70
Asus TUF B450M-PLUS GAMING,289,AM4,Micro ATX,64,4,Black / Gold,DDR4,40
MSI MPG Z790 CARBON WIFI,479.99,LGA1700,ATX,192,4,Black,DDR5,70
Asus TUF Z390-PLUS GAMING (WI-FI),299,LGA1151,ATX,128,4,Black / Gold,DDR4/DDR5,40
Asus Prime X299-A II,245.99,LGA2066,ATX,256,8,Silver / Black,DDR4,40
MSI MPG Z890 EDGE TI WIFI,369.99,LGA1851,ATX,256,4,Silver / White,DDR5,70
Gigabyte Z890I AORUS ULTRA,319.99,LGA1851,Mini ITX,128,2,Black,DDR5,70
ASRock Z790I Lightning WiFi,442.98,LGA1700,Mini ITX,96,2,Black,DDR5,70
MSI Creator X299,149.99,LGA2066,EATX,256,8,Black / Silver,DDR4,60
ASRock H610M-HVS/M.2 R2.0,104.73,LGA1700,Micro ATX,64,2,Black / Silver,DDR4/DDR5,70
Asus PRIME Z790M-PLUS,295.95,LGA1700,Micro ATX,192,4,Silver / Black,DDR5,70
MSI PRO B660M-A DDR4,289,LGA1700,Micro ATX,128,4,Black / Silver,DDR4,70
ASRock B650M PG RIPTIDE,185.99,AM5,Micro ATX,256,4,Black,DDR5,40
Gigabyte B760 DS3H AX DDR4,195.6,LGA1700,ATX,128,4,Black,DDR5,70
MSI B350M BAZOOKA,118,AM4,Micro ATX,64,4,Black / White,DDR4,40
Gigabyte Z790 AORUS MASTER,520.99,LGA1700,EATX,192,4,Black / Silver,DDR5,70
NZXT N7-Z69XT-B1,299.99,LGA1700,ATX,128,4,Black,DDR4/DDR5,70
ASRock Z790 PG LIGHTNING,194.43,LGA1700,ATX,192,4,Black,DDR5,70
Gigabyte B460M DS3H V2,191.56,LGA1200,Micro ATX,128,4,Brown / Black,DDR4,40
Gigabyte B660 DS3H DDR4,203.34,LGA1700,ATX,128,4,Black,DDR4,70
MSI MAG B860M MORTAR WIFI,189.99,LGA1851,Micro ATX,256,4,Black / Green,DDR5,70
Gigabyte Z890 GAMING X WIFI7,259.99,LGA1851,ATX,256,4,Silver / Black,DDR5,70
Gigabyte X670E AORUS XTREME (rev. 1.0),949.99,AM5,EATX,256,4,Black,DDR5,60
NZXT N9 Z890,449.99,LGA1851,ATX,192,4,Black,DDR5,70
MSI PRO Z890-S WIFI WHITE,209.99,LGA1851,ATX,256,4,White,DDR5,70
ASRock X670E PG Lightning,373.52,AM5,ATX,256,4,Black,DDR5,40
Gigabyte H810M H,102.48,LGA1851,Micro ATX,128,2,Gray / Black,DDR5,70
MSI Z590-A PRO,299.99,LGA1200,ATX,128,4,Black,DDR4,40
ASRock B860 LiveMixer WiFi,139.99,LGA1851,ATX,256,4,Silver / Black,DDR5,70
Asus ROG STRIX B660-A GAMING WIFI D4,305,LGA1700,ATX,128,4,Silver / Black,DDR4,70
Biostar B450MH,109.9,AM4,Micro ATX,32,2,Black / Yellow,DDR4,40
Asus Z97-A,349.99,LGA1150,ATX,32,4,Black / Gold,DDR3,40
Gigabyte Z690 AORUS ELITE AX DDR4,377,LGA1700,ATX,128,4,Black / Silver,DDR4,70
MSI MPG B550 GAMING CARBON WIFI,376,AM4,ATX,128,4,Black / Silver,DDR4,40
Gigabyte B550M AORUS PRO-P,211.49,AM4,Micro ATX,128,4,Black,DDR4,40
Gigabyte X570 AORUS MASTER,530,AM4,ATX,128,4,Black / Silver,DDR4,40
MSI B850 GAMING PLUS WIFI PZ,249.99,AM5,ATX,256,4,Silver / Turquoise,DDR5,40
Gigabyte Z890 AI TOP,549.99,LGA1851,EATX,256,4,Gray / Black,DDR5,70
Asus ROG ZENITH EXTREME ALPHA,719,sTR4,EATX,128,8,Black,DDR4,60
Supermicro X10SLL-F,274,LGA1150,Micro ATX,32,4,Black / Green,DDR3,40
Asus PRIME H810M-A-CSM,119.99,LGA1851,Micro ATX,128,2,Silver / Black,DDR5,70
ASRock B860 Lightning WiFi,149.99,LGA1851,ATX,256,4,Black,DDR5,70
Gigabyte H810M GAMING WIFI6,139.99,LGA1851,Micro ATX,128,2,Black / Silver,DDR5,70
Gigabyte B860M DS3H WIFI6E,180.51,LGA1851,Micro ATX,256,4,Silver / Black,DDR5,70
MSI B450 Gaming Plus,179.99,AM4,ATX,64,4,Red / Black,DDR4,40
ASRock X570 Steel Legend,314.69,AM4,ATX,128,4,Black / Silver,DDR4,40
Asus PRIME H610M-A D4-CSM,109.99,LGA1700,Micro ATX,64,2,Silver / Black,DDR4,70
Gigabyte Z890 AERO D,939,LGA1851,EATX,256,4,White,DDR5,70
Asus Pro B550M-C/CSM,144.83,AM4,Micro ATX,128,4,Green,DDR4,40
Gigabyte B760 DS3H AC,203.94,LGA1700,ATX,192,4,Gray / Black,DDR5,70
MSI B860 GAMING PLUS WIFI,202.78,LGA1851,ATX,256,4,Silver / Black,DDR5,70
ASRock Z790 Pro RS/D4,209.99,LGA1700,ATX,128,4,Silver / Black,DDR5,70
Asus ROG MAXIMUS Z690 HERO,729,LGA1700,ATX,192,4,Black / Silver,DDR4,70
Asus TUF GAMING B550-PLUS (WI-FI),289,AM4,ATX,128,4,Black,DDR4,40
Gigabyte A520M DS3H AC,123.5,AM4,Micro ATX,128,4,Black,DDR4,40
ASRock B860 Steel Legend WiFi,199.99,LGA1851,ATX,256,4,White / Silver,DDR5,70
NZXT N9 Z890,449.99,LGA1851,ATX,192,4,White,DDR5,70
Asus TUF GAMING Z490-PLUS (WI-FI),370,LGA1200,ATX,128,4,Black,DDR4,40
Gigabyte GA-Z270P-D3,266,LGA1151,ATX,64,4,Black / Gold,DDR4/DDR5,40
Asus ROG MAXIMUS XII HERO (WI-FI),490,LGA1200,ATX,128,4,Black,DDR4,40
MSI MEG Z890 UNIFY-X,511.13,LGA1851,ATX,128,2,Black,DDR5,70
Gigabyte Z390 I AORUS PRO WIFI,321.5,LGA1151,Mini ITX,64,2,Black / Silver,DDR4/DDR5,40
ASRock Z890 Pro-A,189.99,LGA1851,ATX,256,4,Black / Silver,DDR5,70
Gigabyte B860 DS3H WIFI6E,139.99,LGA1851,ATX,256,4,Silver / Black,DDR5,70
ASRock Z890 Steel Legend WiFi,259.99,LGA1851,ATX,256,4,Silver,DDR5,70
Asus ROG MAXIMUS Z690 FORMULA,409.47,LGA1700,ATX,192,4,Silver / Black,DDR4,70
Gigabyte Z790 GAMING PLUS AX,195.99,LGA1700,ATX,192,4,Black / Gray,DDR5,70
MSI MAG B365M MORTAR,339,LGA1151,Micro ATX,64,4,Black,DDR4/DDR5,40
Gigabyte Z690 GAMING X DDR4,367.49,LGA1700,ATX,128,4,Black / Gray,DDR4,70
Asus PRIME Z790-P WIFI D4,408.81,LGA1700,ATX,128,4,Black / Silver,DDR5,70
Gigabyte Z390 AORUS ELITE,230.24,LGA1151,ATX,128,4,Black / Silver,DDR4/DDR5,40
Asus Prime Z370-P,299,LGA1151,ATX,64,4,Black / Silver,DDR4/DDR5,40
Asus TUF GAMING B650EM-E WIFI,209.99,AM5,Micro ATX,256,4,Black,DDR5,40
Asus ROG STRIX Z390-I GAMING,399,LGA1151,Mini ITX,64,2,Black / Silver,DDR4/DDR5,40
Asus PRIME H810M-A WIFI-CSM,129.99,LGA1851,Micro ATX,128,2,Silver / Black,DDR5,70
Gigabyte B550 AORUS ELITE,246.49,AM4,ATX,128,4,Black / Silver,DDR4,40
MSI PRO Z890-S WIFI,229.99,LGA1851,ATX,256,4,Black / Silver,DDR5,70
ASRock Z890 Taichi,437.74,LGA1851,ATX,256,4,Black / Gold,DDR5,70
Gigabyte Z390 AORUS MASTER,308.99,LGA1151,ATX,128,4,Black / Silver,DDR4/DDR5,40
MSI B840M GAMING PLUS WIFI6E,222.47,AM5,Micro ATX,256,4,Silver,DDR5,40
Gigabyte X570S AORUS MASTER,575.72,AM4,ATX,128,4,Black / Silver,DDR4,40
Asus PRIME B840M-A-CSM,210.16,AM5,Micro ATX,192,4,Silver / Black,DDR5,40
Gigabyte B760 AORUS ELITE AX,249,LGA1700,ATX,192,4,Black,DDR5,70
ASRock B860M Pro-A WiFi,149.99,LGA1851,Micro ATX,256,4,Black,DDR5,70
MSI B850M GAMING PLUS WIFI6E,247.17,AM5,Micro ATX,256,4,Silver / White,DDR5,40
ASRock Z890 LiveMixer WiFi,239.99,LGA1851,ATX,256,4,Silver / Black,DDR5,70
ASRock B450M-HDV,149.99,AM4,Micro ATX,32,2,Black / Silver,DDR4,40
ASRock B860 Pro-A WiFi,188,LGA1851,ATX,256,4,Black,DDR5,70
Gigabyte Z590I AORUS ULTRA,389,LGA1200,Mini ITX,64,2,Black,DDR4,40
NZXT N7-Z69XT-W1,302.06,LGA1700,ATX,128,4,White / Black,DDR4/DDR5,70
ASRock B760M Pro RS/D4 WiFi,172.28,LGA1700,Micro ATX,128,4,Silver / Black,DDR5,70
Asus PRIME B860M-A WIFI-CSM,169.99,LGA1851,Micro ATX,256,4,Silver / Black,DDR5,70
Asus WS X299 SAGE/10G,599.99,LGA2066,SSI CEB,128,8,Black / Silver,DDR4,40
MSI MPG Z790 CARBON WIFI II,429.99,LGA1700,ATX,192,4,Black,DDR5,70
Asus ProArt B660-CREATOR D4,199.95,LGA1700,ATX,128,4,Black,DDR4,70
Gigabyte B860M AORUS ELITE WIFI6E ICE,189.99,LGA1851,Micro ATX,256,4,White / Silver,DDR5,70
Asus TUF GAMING B550M-PLUS (WI-FI),274,AM4,Micro ATX,128,4,Black,DDR4,40
Gigabyte H610M S2H,118.1,LGA1700,Micro ATX,64,2,Brown / Silver,DDR4/DDR5,70
MSI PRO B760-P WIFI,189.99,LGA1700,ATX,192,4,Black / Silver,DDR5,70
Asus Strix B550-XE Gaming WiFi,391.02,AM4,ATX,128,4,Black,DDR4,40
Asus ROG STRIX Z590-A GAMING WIFI,478,LGA1200,ATX,128,4,Silver / Black,DDR4,40
Gigabyte X570 AORUS PRO WIFI,448,AM4,ATX,128,4,Black / Silver,DDR4,40
Asus PRIME B550M-A/CSM,189,AM4,Micro ATX,128,4,Black / White,DDR4,40
ASRock Phantom Gaming Z890 Nova WiFi,349.99,LGA1851,ATX,256,4,Black,DDR5,70
ASRock X670E Pro RS,551.13,AM5,ATX,256,4,Black,DDR5,40
Gigabyte B840M D2H,169.54,AM5,Micro ATX,128,2,Gray / Black,DDR5,40
Gigabyte Z590 AORUS ELITE AX,377.9,LGA1200,ATX,128,4,Black,DDR4,40
Gigabyte B365 HD3,225,LGA1151,ATX,64,4,Black / Silver,DDR4/DDR5,40
Gigabyte B860M EAGLE PLUS WIFI6E,159.99,LGA1851,Micro ATX,256,4,Black / Silver,DDR5,70
ASRock Z890 Lightning WiFi,217.99,LGA1851,ATX,256,4,Black,DDR5,70
ASRock B760M-H/M.2,114.37,LGA1700,Micro ATX,96,2,Silver / Black,DDR5,70
MSI MAG Z390 TOMAHAWK,390.78,LGA1151,ATX,128,4,Black / Silver,DDR4/DDR5,40
MSI PRO H610M-G,140.65,LGA1700,Micro ATX,96,2,Black,DDR4/DDR5,70
Asus ROG STRIX B860-G GAMING WIFI,351.52,LGA1851,Micro ATX,256,4,White / Silver,DDR5,70
Gigabyte Z790 AORUS ELITE AX DDR4,250,LGA1700,ATX,128,4,Black,DDR5,70
Gigabyte Z790 UD AX,326.06,LGA1700,ATX,192,4,Black,DDR5,70
Gigabyte Z590 UD AC,329.65,LGA1200,ATX,128,4,Black,DDR4,40
MSI MPG X570S EDGE MAX WIFI,734.79,AM4,ATX,128,4,Black / Silver,DDR4,40
Gigabyte Z890 AORUS ELITE X ICE,270,LGA1851,ATX,256,4,White / Silver,DDR5,70
MSI MPG Z690 FORCE WIFI,399,LGA1700,ATX,192,4,Silver / Black,DDR4,70
Gigabyte B760M C,220.5,LGA1700,Micro ATX,192,4,Brown / Gray,DDR5,70
ASRock Z890 Pro RS WiFi White,226.99,LGA1851,ATX,256,4,White / Silver,DDR5,70
Gigabyte Z890 AORUS PRO ICE,339.05,LGA1851,ATX,256,4,White / Silver,DDR5,70
Asus ROG STRIX B860-F GAMING WIFI,420.04,LGA1851,ATX,256,4,Black,DDR5,70
Gigabyte Z790I AORUS ULTRA,334.18,LGA1700,Mini ITX,96,2,Silver / Black,DDR5,70
Asus PRIME Z370-P II,199,LGA1151,ATX,64,4,Silver / Black,DDR4/DDR5,40
Gigabyte B650 AORUS PRO AX,498.87,AM5,ATX,192,4,Black,DDR5,40
ASRock Z890 Riptide WiFi,219.99,LGA1851,ATX,256,4,Black,DDR5,70
Gigabyte X570 UD,274,AM4,ATX,128,4,Black / Silver,DDR4,40
Intel DH61AG,163.08,LGA1155,Thin Mini ITX,16,2,Black / Blue,DDR3,40
Gigabyte Z790 AORUS ELITE DDR4,255.81,LGA1700,ATX,128,4,Black,DDR5,70
MSI MAG B560M MORTAR WIFI,299.99,LGA1200,Micro ATX,128,4,Black / White,DDR4,40
Gigabyte A520M DS3H,108.46,AM4,Micro ATX,128,4,Black,DDR4,40
Asus Z97-A/USB 3.1,411.98,LGA1150,ATX,32,4,Black / Gold,DDR3,40
ASRock Z390 Pro4,320.81,LGA1151,ATX,128,4,Black / Silver,DDR4/DDR5,40
ASRock X299 Taichi CLX,199.99,LGA2066,ATX,256,8,Black / Silver,DDR4,40
MSI PRO B860-P WIFI,189.99,LGA1851,ATX,256,4,Silver / Black,DDR5,70
Gigabyte Z790 AERO G,423.9,LGA1700,ATX,192,4,,DDR5,70
MSI MPG Z590 GAMING CARBON WIFI,399.99,LGA1200,ATX,128,4,Black,DDR4,40
Gigabyte Z490 UD,293,LGA1200,ATX,128,4,Black / Silver,DDR4,40
ASRock B860M Pro-A,139.99,LGA1851,Micro ATX,256,4,Black,DDR5,70
Asus TUF GAMING B660M-PLUS WIFI,279.99,LGA1700,Micro ATX,192,4,Yellow / Black,DDR4,70
ASRock Z790M PG LIGHTNING/D4,174.49,LGA1700,Micro ATX,128,4,Black,DDR5,70
ASRock Z890 Taichi AQUA,756.99,LGA1851,EATX,256,4,White,DDR5,70
ASRock H610M-ITX/eDP,179.9,LGA1700,Mini ITX,64,2,Silver / Black,DDR4/DDR5,70
ASRock B550 Extreme4,184.99,AM4,ATX,128,4,Blue / Black,DDR4,40
Asus PRIME B650M-A WIFI,348.42,AM5,Micro ATX,128,4,Silver / Black,DDR5,40
Gigabyte Z890 AORUS MASTER AI TOP,699.98,LGA1851,EATX,256,4,Black / Silver,DDR5,70
ASRock Z790 Taichi Carrara,391.91,LGA1700,EATX,192,4,White / Black,DDR5,70
Gigabyte Z690 UD AX DDR4,471.78,LGA1700,ATX,128,4,Black,DDR4,70
ASRock A520M Pro4,99.99,AM4,Micro ATX,128,4,Black / Silver,DDR4,40
MSI MEG Z690 ACE,736.88,LGA1700,EATX,192,4,Black / Gold,DDR4,70
MSI MEG X570 ACE,459.78,AM4,ATX,128,4,Black / Silver,DDR4,40
Gigabyte Z890 AERO G,319.99,LGA1851,ATX,256,4,Silver / White,DDR5,70
Gigabyte B860M D3HP,129.99,LGA1851,Micro ATX,256,4,Silver / Black,DDR5,70
Gigabyte X570S AERO G,527.9,AM4,ATX,128,4,Black / White,DDR4,40
Asus ROG Crosshair VIII Impact,589,AM4,Mini DTX,64,2,Black,DDR4,40
ASRock Z790 LiveMixer,308.16,LGA1700,ATX,192,4,Purple / Black,DDR5,70
Supermicro C9X299-PG300F,995,LGA2066,ATX,256,8,Black,DDR4,40
ASRock Z370 Extreme4,757.62,LGA1151,ATX,64,4,Black / Silver,DDR4/DDR5,40
Asus PRIME H610M-E D4,168.86,LGA1700,Micro ATX,64,2,Silver / Black,DDR4,70
ASRock B860M Steel Legend WiFi,179.99,LGA1851,Micro ATX,256,4,White / Silver,DDR5,70
MSI MEG Z690 UNIFY,499.99,LGA1700,ATX,192,4,Black / Silver,DDR4,70
Asus PRO A520M-C II/CSM,92.99,AM4,Micro ATX,64,2,Green / Black,DDR4,40
Asus TUF GAMING Z790-PLUS D4,337.97,LGA1700,ATX,128,4,Black,DDR5,70
Asus ROG STRIX B760-A GAMING WIFI D4,381.99,LGA1700,ATX,128,4,Silver / Black,DDR5,70
Asus PRIME B860-PLUS WIFI-CSM,179.99,LGA1851,ATX,256,4,Silver / Black,DDR5,70
Asus ROG STRIX B860-A GAMING WIFI,319.62,LGA1851,ATX,256,4,White / Silver,DDR5,70
Gigabyte H610M S2H DDR4,173,LGA1700,Micro ATX,64,2,Black / Gray,DDR4,70
Gigabyte Z490 AORUS XTREME,1018.9,LGA1200,EATX,128,4,Black / Silver,DDR4,60
ASRock Z890 Pro RS WiFi,194.99,LGA1851,ATX,256,4,Silver / Black,DDR5,70
Asus Prime X299-Deluxe II,1038.04,LGA2066,ATX,128,8,White / Black,DDR4,40
Supermicro MBD-X10DAL-I-O,725,2 x LGA2011-3,ATX,512,8,Black / Green,DDR4,40
MSI MPG X570S CARBON MAX WIFI,647.19,AM4,ATX,128,4,Black / Silver,DDR4,40
Asus PRIME B760M-PLUS,217.93,LGA1700,Micro ATX,192,4,Silver / Black,DDR5,70
Gigabyte Z790 EAGLE,261.06,LGA1700,ATX,192,4,Gray / Black,DDR5,70
ASRock Z68M/USB3,95.55,LGA1155,Micro ATX,16,2,,DDR3,40
MSI PRO Z690-P DDR4,169.99,LGA1700,ATX,128,4,Black / Silver,DDR4,70
Gigabyte Z590 VISION G,385,LGA1200,ATX,128,4,Black / White,DDR4,40
Gigabyte Z370 HD3 (rev. 1.0),236,LGA1151,ATX,64,4,Black / Gray,DDR4/DDR5,40
Gigabyte B550 AORUS MASTER,406.99,AM4,ATX,128,4,Black / Silver,DDR4,40
NZXT N5 Z690,227.93,LGA1700,ATX,128,4,Black,DDR4,70
Gigabyte Z390 AORUS PRO,373.56,LGA1151,ATX,128,4,Black / Silver,DDR4/DDR5,40
Biostar H510MHP 2.0,93.84,LGA1200,Micro ATX,64,2,Black,DDR4,40
Asus PRIME B840M-A WIFI,259.7,AM5,Micro ATX,192,4,Silver / Black,DDR5,40
Asus PRIME B450M-A/CSM,199,AM4,Micro ATX,64,4,Black / Silver,DDR4,40
Asus PRIME Z890-P,333.71,LGA1851,ATX,192,4,Black / Silver,DDR5,70
Asus TUF GAMING B760M-PLUS D4,229.1,LGA1700,Micro ATX,128,4,Black / Orange,DDR5,70
MSI MPG Z790 EDGE WIFI DDR4,599.99,LGA1700,ATX,128,4,Silver / Black,DDR5,70
Gigabyte Z590 UD,278,LGA1200,ATX,128,4,Black,DDR4,40
Gigabyte Z690I AORUS ULTRA DDR4,256.9,LGA1700,Mini ITX,64,2,Black / Silver,DDR4,70
MSI MEG Z490I UNIFY,393.48,LGA1200,Mini ITX,64,2,Black / Silver,DDR4,40
Gigabyte B550 AORUS PRO V2,291.49,AM4,ATX,128,4,Black,DDR4,40
Gigabyte Z690M AORUS ELITE AX DDR4,265.89,LGA1700,Micro ATX,128,4,Black,DDR4,70
Asus ROG STRIX Z590-I GAMING WIFI,549,LGA1200,Mini ITX,64,2,Black,DDR4,40
ASRock A520M Phantom Gaming 4,96.49,AM4,Micro ATX,128,4,Black,DDR4,40
Asus M5A97 R2.0,261.98,AM3+,ATX,32,4,Black / Blue,DDR3,40
ASRock Z890 Taichi OCF,525.79,LGA1851,ATX,128,2,Black / Gold,DDR5,70
Asus Pro B760M-CT-CSM,149.99,LGA1700,Micro ATX,192,4,Green / Black,DDR5,70
ASRock B760M PG Riptide,280.87,LGA1700,Micro ATX,192,4,Black / Blue,DDR5,70
Supermicro X11SCL-LN4F,526.95,LGA1151,Micro ATX,128,4,Green,DDR4/DDR5,40
ASRock B860M LiveMixer WiFi,169.99,LGA1851,Micro ATX,256,4,Silver / Black,DDR5,70
Gigabyte B860M EAGLE V2,186.48,LGA1851,Micro ATX,128,2,Silver / Black,DDR5,70
ASRock H670M Pro RS,165.57,LGA1700,Micro ATX,128,4,Gray / Black,DDR4/DDR5,70
ASRock Z890 Pro RS,197.81,LGA1851,ATX,256,4,Silver / Black,DDR5,70
ASRock X570D4U-2L2T,419,AM4,Micro ATX,128,4,Green / Silver,DDR4,40
Gigabyte GA-B250-HD3,240,LGA1151,ATX,64,4,Black / Gold,DDR4/DDR5,40
MSI MPG Z590 GAMING PLUS,433.89,LGA1200,ATX,128,4,Black,DDR4,40
Asus ROG Crosshair VIII Formula,630,AM4,ATX,128,4,Black,DDR4,40
Asus Z170-AR,361.98,LGA1151,ATX,64,4,Black / White,DDR4/DDR5,40
EVGA P55V,124.69,LGA1156,Micro ATX,16,4,Black / Gray,DDR3,40
Gigabyte Z590 AORUS PRO AX,410,LGA1200,ATX,128,4,Black,DDR4,40
Asus PRO Q570M-C/CSM,75,LGA1200,Micro ATX,128,4,Green / Black,DDR4,40
MSI X470 GAMING PRO CARBON,399,AM4,ATX,64,4,Black / Silver,DDR4,40
Asus Pro B650M-CT-CSM,149.99,AM5,Micro ATX,192,4,Green / Black,DDR5,40
Asus Pro B660M-C D4-CSM,129.99,LGA1700,Micro ATX,128,4,Green / Black,DDR4,70
Asus ProArt B550-CREATOR,239.99,AM4,ATX,128,4,Black,DDR4,40
Gigabyte H410M S2H V2,119.9,LGA1200,Micro ATX,64,2,Black / Gray,DDR4,40
Gigabyte Z490 AORUS ELITE,475.49,LGA1200,ATX,128,4,Black / Silver,DDR4,40
MSI MEG Z390 ACE,406.64,LGA1151,ATX,128,4,Black / Silver,DDR4/DDR5,40
MSI B850 GAMING PLUS WIFI6E,263.27,AM5,ATX,256,4,Silver,DDR5,40
ASRock X299 Steel Legend,199.99,LGA2066,ATX,256,8,Silver / Black,DDR4,40
Gigabyte B760 GAMING X AX DDR4,263.83,LGA1700,ATX,128,4,Black,DDR5,70
Asus ROG STRIX Z490-I GAMING,499,LGA1200,Mini ITX,64,2,Black,DDR4,40
MSI Z170A PC MATE,339,LGA1151,ATX,64,4,Black,DDR4/DDR5,40
ASRock H81M-HDS R2.0,151.16,LGA1150,Micro ATX,16,2,Black / Silver,DDR3,40
Gigabyte Z590 AORUS MASTER,407.37,LGA1200,ATX,128,4,Black,DDR4,40
ASRock X299E-ITX/ac,480.1,LGA2066,Mini ITX,128,4,Black,DDR4,40
Asus TUF GAMING H770-PRO WIFI,347.15,LGA1700,ATX,192,4,Black,DDR4/DDR5,70
Supermicro MBD-X10SRL-F-O,700,LGA2011-3 Narrow,ATX,1024,8,Black / Green,DDR4,40
Asus ROG MAXIMUS XII FORMULA,654,LGA1200,ATX,128,4,Black,DDR4,40
Gigabyte X570 AORUS XTREME,995,AM4,EATX,128,4,Black / Silver,DDR4,60
Asus PRIME A520M-E,159.9,AM4,Micro ATX,64,2,Black,DDR4,40
Biostar B660GTA,190.44,LGA1700,ATX,128,4,Blue / Black,DDR4,70
Asus PROART B760-CREATOR D4,285.62,LGA1700,ATX,128,4,Black / Copper,DDR5,70
Asus ROG STRIX B660-F GAMING WIFI,299,LGA1700,ATX,192,4,Black,DDR4,70
ASRock G41M-GS,62.86,LGA775,Micro ATX,8,2,Blue / White,DDR2,40
Asus Pro WS X570-ACE,579.99,AM4,ATX,128,4,Black,DDR4,40
Gigabyte B860M GAMING X WIFI6E,169.99,LGA1851,Micro ATX,256,4,Silver / Black,DDR5,70
Gigabyte GA-AX370-Gaming K5,236.49,AM4,ATX,64,4,Black / Orange,DDR4,40
MSI PRO B860-P,240,LGA1851,ATX,256,4,Silver / Black,DDR5,70
Supermicro MBD-X10DRI-O,997,2 x LGA2011-3 Narrow,EATX,1024,16,Black / Green,DDR4,60
Gigabyte Z690 AORUS PRO,399.99,LGA1700,ATX,192,4,Black,DDR4,70
MSI Z270 SLI PLUS,406.49,LGA1151,ATX,64,4,Black / Silver,DDR4/DDR5,40
Asus ROG MAXIMUS XI FORMULA,589,LGA1151,ATX,128,4,Black,DDR4/DDR5,40
Gigabyte Z490 GAMING X,298,LGA1200,ATX,128,4,Black / Silver,DDR4,40
MSI Z370 GAMING PRO CARBON,391.49,LGA1151,ATX,64,4,Black,DDR4/DDR5,40
ASRock P43DE,70.7,LGA775,ATX,16,4,Multicolor,DDR2,40
Asus Pro B560M-CT/CSM,159,LGA1200,Micro ATX,128,4,Green,DDR4,40
MSI MEG Z690 UNIFY-X,778.88,LGA1700,ATX,96,2,Black / Silver,DDR4,70
ASRock B550 PG Velocita,260.37,AM4,ATX,128,4,Silver / Black,DDR4,40
ASRock B860M Pro RS,149.99,LGA1851,Micro ATX,256,4,Silver / Black,DDR5,70
Asus PRIME A320M-E,237,AM4,Micro ATX,64,2,Black / Silver,DDR4,40
MSI MAG B460 TOMAHAWK,278.99,LGA1200,ATX,128,4,Black / Silver,DDR4,40
ASRock X79 Extreme7,284.61,LGA2011,ATX,48,6,Black / Silver,DDR3/DDR4,40
MSI MAG A520M VECTOR WIFI,176.8,AM4,Micro ATX,64,2,Black,DDR4,40
ASRock H610M-HVS,110.91,LGA1700,Micro ATX,64,2,Gray / Black,DDR4/DDR5,70
ASRock B860M-H2,119.99,LGA1851,Micro ATX,128,2,Black / Silver,DDR5,70
Asus Pro Q670M-C-CSM,199.99,LGA1700,Micro ATX,128,4,Green / Black,DDR4/DDR5,70
Gigabyte Z790 AORUS ELITE AX-W,585.41,LGA1700,ATX,192,4,Silver / Black,DDR5,70
Gigabyte Z690 AORUS ULTRA,357.91,LGA1700,ATX,192,4,Black,DDR4,70
Gigabyte B860 DS3H,225.05,LGA1851,ATX,256,4,Silver / Black,DDR5,70
Gigabyte Z390 DESIGNARE,413,LGA1151,ATX,128,4,Black / Silver,DDR4/DDR5,40
Asus PRIME H610M-D D4,139.4,LGA1700,Micro ATX,64,2,Silver / Black,DDR4,70
Asus TUF GAMING B860M-PLUS,244.56,LGA1851,Micro ATX,256,4,Black / Silver,DDR5,70
MSI Z370 SLI PLUS,381.49,LGA1151,ATX,64,4,Black / Gray,DDR4/DDR5,40
Gigabyte H810M S2H,131.33,LGA1851,Micro ATX,128,2,Gray / Black,DDR5,70
Gigabyte H610M D3W DDR4,147.89,LGA1700,Micro ATX,64,2,Black,DDR4,70
ASRock Z890 Taichi Lite,480.6,LGA1851,ATX,256,4,Silver / Black,DDR5,70
ASRock B660 Pro RS,311.33,LGA1700,ATX,128,4,Gray / Black,DDR4,70
Gigabyte GA-F2A85XN-WIFI,107.21,FM2,Mini ITX,64,2,Black / Gray,DDR3,40
Asus GRYPHON Z97,299.99,LGA1150,Micro ATX,32,4,Brown / Black,DDR3,40
Gigabyte Z490 AORUS ELITE AC,398,LGA1200,ATX,128,4,Black / Silver,DDR4,40
Asus ProArt Z690-CREATOR WIFI,449.99,LGA1700,ATX,192,4,Black / Copper,DDR4,70
ASRock X570D4U,304.99,AM4,Micro ATX,128,4,Green,DDR4,40
MSI Z270 PC MATE,490.99,LGA1151,ATX,64,4,Black / Silver,DDR4/DDR5,40
Gigabyte B760M E,184.8,LGA1700,Micro ATX,96,2,Black / Gray,DDR5,70
ASRock Z590M Pro4,299.99,LGA1200,Micro ATX,128,4,Black / Silver,DDR4,40
Asus TUF GAMING H670-PRO WIFI D4,229.99,LGA1700,ATX,128,4,Gray / Black,DDR4,70
XFX MBN790IUL9,361.99,LGA775,ATX,8,4,,DDR2,40
Asus PRIME H770-PLUS D4,189.99,LGA1700,ATX,128,4,Silver / Black,DDR4,70
Gigabyte Z490 AORUS MASTER,510.9,LGA1200,ATX,128,4,Black / Silver,DDR4,40
Asus ROG MAXIMUS XII EXTREME,996.85,LGA1200,EATX,128,4,Black,DDR4,60
Asus MAXIMUS VIII RANGER,548.88,LGA1151,ATX,64,4,Black / Red,DDR4/DDR5,40
Asus TUF GAMING B660M-PLUS D4,454,LGA1700,Micro ATX,128,4,Orange / Black,DDR4,70
Asus PRIME B860-PLUS-CSM,274.73,LGA1851,ATX,256,4,Silver / Black,DDR5,70
ASRock B860M Lightning WiFi,189.99,LGA1851,Micro ATX,256,4,Black,DDR5,70
Gigabyte H510M S2H,159,LGA1200,Micro ATX,64,2,Brown / Gray,DDR4,40
Gigabyte Z890 EAGLE,312.38,LGA1851,ATX,256,4,Gray / Black,DDR5,70
MSI PRO B660M-G DDR4,672.84,LGA1700,Micro ATX,64,2,Black / Silver,DDR4,70
ASRock P43DE3,73.39,LGA775,ATX,16,4,Black / Blue,DDR2,40
MSI MEG B550 UNIFY-X,455.59,AM4,ATX,64,2,Black,DDR4,40
Gigabyte B560 AORUS PRO AX,390.49,LGA1200,ATX,128,4,Black,DDR4,40
Gigabyte Z690 AORUS ELITE DDR4,302.89,LGA1700,ATX,128,4,Black / Silver,DDR4,70
MSI MAG B460M MORTAR,299.99,LGA1200,Micro ATX,128,4,Black / Silver,DDR4,40
Asus PRIME B650M-A-CSM,287.37,AM5,Micro ATX,128,4,Silver / Black,DDR5,40
ASRock Z590M Phantom Gaming 4,248.99,LGA1200,Micro ATX,128,4,Silver / Black,DDR4,40
Asus M5A78L-M/USB3,281.98,AM3+,Micro ATX,32,4,Black / Blue,DDR3,40
Asus PRIME B860M-A WIFI,317.7,LGA1851,Micro ATX,256,4,Silver / Black,DDR5,70
Asus WS X299 PRO,886,LGA2066,ATX,128,8,Black / Silver,DDR4,40
Asus WS Z390 PRO,750,LGA1151,ATX,128,4,Black / Silver,DDR4/DDR5,40
ASRock Z270 Killer SLI/ac,706.49,LGA1151,ATX,64,4,Black / White,DDR4/DDR5,40
MSI MEG Z490 ACE,486,LGA1200,ATX,128,4,Black / Gold,DDR4,40
ASRock H670 Steel Legend,172.6,LGA1700,ATX,128,4,Silver / Gray,DDR4/DDR5,70
MSI X370 XPOWER GAMING TITANIUM,542.89,AM4,ATX,64,4,Silver,DDR4,40
Gigabyte GA-Z170X-Gaming 5,454.02,LGA1151,ATX,64,4,Black / Red,DDR4/DDR5,40
Asus WS X299 SAGE,523.49,LGA2066,SSI CEB,128,8,Black,DDR4,40
Asus PRIME B860M-K,179.06,LGA1851,Micro ATX,128,2,Silver / Black,DDR5,70
Gigabyte Z690 GAMING X,515,LGA1700,ATX,192,4,Black / Gray,DDR4,70
Asus A55M-E,149.99,FM2,Micro ATX,32,2,Black / Blue,DDR3,40
Asus MAXIMUS VIII GENE,361.98,LGA1151,Micro ATX,64,4,Black / Red,DDR4/DDR5,40
Gigabyte X299 UD4 Pro,489,LGA2066,ATX,128,8,Black,DDR4,40
ASRock Z490M Pro4,380.99,LGA1200,Micro ATX,128,4,Black / Silver,DDR4,40
Gigabyte Z390 AORUS XTREME,749.99,LGA1151,EATX,128,4,Black / Silver,DDR4/DDR5,60
Asus ROG MAXIMUS XI EXTREME,650,LGA1151,EATX,128,4,Black,DDR4/DDR5,60
ASRock Fatal1ty X79 Professional,287.61,LGA2011,ATX,32,4,Black / Red,DDR3/DDR4,40
Supermicro X9SRI-F-O,740,LGA2011,ATX,64,8,Green,DDR3/DDR4,40
Asus Pro A620M-DASH-CSM,154.46,AM5,Micro ATX,96,2,Green,DDR5,40
MSI Z270 GAMING M5,481.49,LGA1151,ATX,64,4,Black / Silver,DDR4/DDR5,40
ASRock H55M-GE,76,LGA1156,Micro ATX,16,4,Black / Blue,DDR3,40
Gigabyte Z590I VISION D,459,LGA1200,Mini ITX,64,2,Black / White,DDR4,40
ASRock Z390 Phantom Gaming SLI/ac,351.49,LGA1151,ATX,128,4,Black / Silver,DDR4/DDR5,40
Gigabyte B460M GAMING HD,217,LGA1200,Micro ATX,64,2,Black / Red,DDR4,40
MSI Z270I GAMING PRO CARBON AC,404.99,LGA1151,Mini ITX,32,2,Black / Silver,DDR4/DDR5,40
Asus ROG STRIX B360-H GAMING,468.88,LGA1151,ATX,64,4,Red / Black,DDR4/DDR5,40
Asus M5A78L-M LX PLUS,251.98,AM3+,Micro ATX,16,2,Black / Blue,DDR3,40
ASRock AD2700B-ITX,79.31,Integrated Atom D2700,Mini ITX,4,2,Black / Blue,DDR3,40
Supermicro MBD-X11SSH-LN4F,355.05,LGA1151,Micro ATX,64,4,Green / Black,DDR4/DDR5,40
Asus PRIME H270-PRO,1085.34,LGA1151,ATX,64,4,Black / Silver,DDR4/DDR5,40
Biostar B760A-SILVER,179.97,LGA1700,ATX,192,4,Silver / Black,DDR5,70
Asus PRIME B860M-A-CSM,211.73,LGA1851,Micro ATX,256,4,Silver / Black,DDR5,70
Gigabyte Z590 AORUS ELITE,379,LGA1200,ATX,128,4,Black,DDR4,40
ASRock Z490 Taichi,910.54,LGA1200,ATX,128,4,Black / Gold,DDR4,40
Supermicro X9SRA,596.31,LGA2011,ATX,64,8,Black / Green,DDR3/DDR4,40
Gigabyte X299X DESIGNARE 10G,899.99,LGA2066,EATX,256,8,Black / Silver,DDR4,60
MSI MAG Z690 TORPEDO,386.68,LGA1700,ATX,192,4,Blue / Black,DDR4,70
Asus ROG MAXIMUS Z690 APEX,812.61,LGA1700,ATX,96,2,Black / Silver,DDR4,70
Asus P9X79 LE,759,LGA2011,ATX,64,8,Black / Blue,DDR3/DDR4,40
Gigabyte Z370 AORUS GAMING WIFI (rev. 1.0),376.49,LGA1151,ATX,64,4,Black / Red,DDR4/DDR5,40
Gigabyte B860M DS3H,230.52,LGA1851,Micro ATX,256,4,Silver / Black,DDR5,70
Asus Z170 PRO GAMING/AURA,640.76,LGA1151,ATX,64,4,Black / Silver,DDR4/DDR5,40
ASRock Z590 Phantom Gaming-ITX/TB4,519.99,LGA1200,Mini ITX,64,2,Black / Red,DDR4,40
Supermicro MBD-X11SCV-Q-O,343,LGA1151,Mini ITX,64,2,Green / Black,DDR4/DDR5,40
Gigabyte B660 AORUS Master,365,LGA1700,ATX,192,4,Black,DDR4,70
Gigabyte GA-Z87-D3HP,789.87,LGA1150,ATX,32,4,Black / Gray,DDR3,40
Asus M4A785-M,142.7,AM3/AM2+/AM2,Micro ATX,16,4,Black / Blue,DDR2/DDR3,40
Supermicro MBD-X11SSV-Q-O,293.41,LGA1151,Mini ITX,32,2,Green,DDR4/DDR5,40
ASRock 880GMH/U3S3,76.03,AM3+,Micro ATX,32,4,Black / Blue,DDR3,40
MSI H55M-E23,159,LGA1156,Micro ATX,8,2,Black / Blue,DDR3,40
ASRock A785GM-LE/128M,62.12,AM3/AM2+/AM2,Micro ATX,8,2,Multicolor,DDR2/DDR3,40
Supermicro MBD-X11SAE-F-O,329,LGA1151,ATX,64,4,Black / Green,DDR4/DDR5,40
Asus Pro H510M-CT/CSM,183.48,LGA1200,Micro ATX,64,2,Green,DDR4,40
Gigabyte X299 DESIGNARE EX,768.99,LGA2066,ATX,128,8,Black / Silver,DDR4,40
Supermicro C9X299-PGF,482,LGA2066,ATX,128,8,Black,DDR4,40
Biostar B760M-SILVER,355.56,LGA1700,Micro ATX,192,4,Silver / Black,DDR5,70
Supermicro MBD-X11SSL-F-O,450,LGA1151,Micro ATX,64,4,Black / Green,DDR4/DDR5,40
MSI PRESTIGE X570 CREATION,928.87,AM4,EATX,128,4,Black / Silver,DDR4,60
Gigabyte Z590 AORUS XTREME,699.99,LGA1200,EATX,128,4,Black,DDR4,60
Gigabyte Q670M D3H,208.99,LGA1700,Micro ATX,128,4,Brown / Gray,DDR4/DDR5,70
Gigabyte B360M D3H GSM,232,LGA1151,Micro ATX,64,4,Black,DDR4/DDR5,40
ASRock 970 Pro3 R2.0,253.96,AM3+,ATX,64,4,Brown / Black,DDR3,40
ASRock C246M WS,249.99,LGA1151,Micro ATX,64,4,Green / Blue,DDR4/DDR5,40
ASRock Z87 OC Formula/ac,203.65,LGA1150,EATX,32,4,Black / Yellow,DDR3,60
Biostar Z690 VALKYRIE,825,LGA1700,ATX,192,4,Black / Gray,DDR4,70
Asus MAXIMUS IX APEX,498.88,LGA1151,EATX,32,2,Black / Silver,DDR4/DDR5,60
ASRock Z590 Taichi,794.25,LGA1200,ATX,128,4,Black / Silver,DDR4,40
Foxconn A7DA-S 3.0,90,AM3,ATX,8,4,,DDR3,40
ASRock P67 Pro3 SE,109.2,LGA1155,ATX,32,4,Black / Blue,DDR3,40
ASRock A55 Pro3,75.01,FM1,ATX,32,4,Black / Blue,DDR3,40
Asus AM1M-A,199.99,AM1,Micro ATX,32,2,Black / Gold,DDR3,40
Asus Crosshair IV Extreme,509.95,AM3,EATX,16,4,Black / Red,DDR3,60
Asus ROG MAXIMUS XII APEX,509.99,LGA1200,ATX,64,2,Black,DDR4,40
Asus TUF GAMING B850-E WIFI,229.99,AM5,ATX,256,4,Black,DDR5,40
Supermicro C9Z490-PGW,1050,LGA1200,ATX,128,4,Black,DDR4,40
ASRock Z270 Killer SLI,706.49,LGA1151,ATX,64,4,Black / White,DDR4/DDR5,40
ASRock Fatal1ty Z370 Gaming K6,418,LGA1151,ATX,64,4,Black / Silver,DDR4/DDR5,40
ASRock A780LM-S,62.94,AM3/AM2+/AM2,Micro ATX,8,2,Multicolor,DDR2/DDR3,40
ASRock Z590 PG Velocita,636.87,LGA1200,ATX,128,4,Silver / Black,DDR4,40
Gigabyte Z490 VISION D,741.98,LGA1200,ATX,128,4,Black / Silver,DDR4,40
Biostar B650M-SILVER,201.28,AM5,Micro ATX,192,4,Silver / Black,DDR5,40
Intel D525MW,152.51,Integrated Atom D525,Mini ITX,4,2,Green / Black,DDR3,40
ASRock X58 Extreme6,240.24,LGA1366,ATX,24,6,Black / Blue,DDR3,40
Supermicro MBD-X11SSM-F-O,269.99,LGA1151,Micro ATX,64,4,Green,DDR4/DDR5,40
Gigabyte Z590 AORUS TACHYON,573,LGA1200,EATX,64,2,Black,DDR4,60
Asus M4N68T-M V2,199.99,AM3,Micro ATX,16,2,Black / Blue,DDR3,40
Supermicro X9SRH-7TF,794.99,LGA2011,ATX,64,8,Green / Blue,DDR3/DDR4,40
Supermicro A1SRI-2758F-O,479,Integrated Atom C2358,Mini ITX,64,4,Black / Green,DDR3,40
ASRock A75 Extreme6,111.15,FM1,ATX,32,4,Black / Blue,DDR3,40
Asus Pro B860M-CT-CSM,159.99,LGA1851,Micro ATX,256,4,Black,DDR5,70
Supermicro MBD-X11SBA-LN4F-O,337.32,Integrated Pentium N3700,Mini ITX,8,2,Green,DDR3,40
MSI 890FXA-GD65,311.98,AM3,ATX,16,4,Black / Blue,DDR3,40
ASRock X299 WSI/IPMI,422.88,LGA2066,Mini ITX,64,4,Black / Silver,DDR4,40
MSI 990FXA-GD65,153.63,AM3+,ATX,32,4,,DDR3,40
Supermicro X10SL7-F,434.92,LGA1150,Micro ATX,32,4,Black / Green,DDR3,40
Supermicro C7Z87-OCE,650,LGA1150,ATX,32,4,Black / Blue,DDR3,40
ASRock 890GX Pro3,124.43,AM3,ATX,32,4,,DDR3,40
ASRock A785GXH/128M,85.93,AM3/AM2+/AM2,ATX,16,4,,DDR2/DDR3,40
Supermicro C7Z170-OCE,675,LGA1151,ATX,64,4,Black / Green,DDR4/DDR5,40
ASRock 880GXH/USB3,88.53,AM3,ATX,16,4,Black / Blue,DDR3,40
MSI 880GMS-E35,78.81,AM3,Micro ATX,16,2,Black / Blue,DDR3,40
Asus M4A785T-M/CSM,199.99,AM3,Micro ATX,16,4,Black / Blue,DDR3,40
ASRock 880GMH/USB3,88.59,AM3,Micro ATX,16,4,Black / Blue,DDR3,40
Asus M2N68-AM PLUS,249.99,AM3/AM2+/AM2,Micro ATX,8,2,Multicolor,DDR2/DDR3,40
Asus M4A88TD-M/USB3,299.99,AM3,Micro ATX,16,4,,DDR3,40
Gigabyte H810M K,137.99,LGA1851,Micro ATX,128,2,Gray / Black,DDR5,70
ASRock 890GX Extreme3,130.77,AM3,ATX,16,4,Black / Blue,DDR3,40
ASRock 890FX Deluxe4,173.84,AM3,ATX,16,4,Black / Blue,DDR3,40
Biostar A880GU3,249.99,AM3,Micro ATX,8,2,Black / Red,DDR3,40
ASRock 880G Extreme3,118.61,AM3,ATX,16,4,Black / Blue,DDR3,40
Biostar TA890GXE,109.75,AM3,Micro ATX,16,4,Black / Red,DDR3,40
Biostar TA880G HD,88.16,AM3,Micro ATX,16,4,Black / Red,DDR3,40
Biostar A780L3B,249.98,AM3,Micro ATX,16,2,Black / Red,DDR3,40
